Crop Type,Water Availability,Rainfall (mm),Soil Type,Soil Moisture (%),Temperature ,Evaporation Rate (mm/day),Irrigation Type
Wheat,High,160.5060934,Black,12.96168872,31.12153057,3.09096262,Furrow Irrigation
Tobacco,Medium,132.7223407,Red,34.21930677,15.58831236,7.824098062,Furrow Irrigation
Ground Nuts,High,162.1943935,Black,30.67159757,25.7405716,8.505181241,Drip Irrigation
Millets,Low,217.3476004,Red,39.60645475,21.9734519,4.059831809,Border Irrigation
Paddy,Medium,86.43914206,Clay,35.22801885,18.22936113,8.195355957,Basin Irrigation
Wheat,Low,162.3584588,Clay,31.98425074,17.48866282,5.084428515,Drip Irrigation
Pulses,High,196.9710928,Black,37.59115397,30.07980414,6.053486327,Drip Irrigation
Cotton,High,287.1458387,Loamy,15.75767654,28.09001368,8.848008599,Surface Irrigation
Wheat,High,113.1319455,Red,33.81438645,21.33960292,7.999629454,Surface Irrigation
Ground Nuts,Low,139.812687,Sandy,16.88442411,26.77375147,8.440934811,Sprinkler Irrigation
Ground Nuts,Low,144.8396475,Black,47.02088831,27.30580788,3.094761333,Drip Irrigation
Millets,Low,201.3845394,Sandy,12.73336419,19.87522451,2.557755407,Sprinkler Irrigation
Paddy,Low,139.1830133,Black,27.21498999,31.30232655,9.147237833,Sprinkler Irrigation
Tobacco,High,183.3779813,Loamy,37.83189911,34.52298391,5.102674157,Drip Irrigation
Millets,High,245.4475825,Loamy,28.32088847,34.78658852,4.303037425,Basin Irrigation
Millets,Medium,226.3463985,Loamy,13.68381013,30.06174577,7.797570034,Furrow Irrigation
Cotton,Medium,161.5921616,Saline,32.13516065,27.79096456,8.691324773,Subsurface Irrigation
Barley,Low,266.0540444,Loamy,35.66527635,16.52517858,8.899916975,Surface Irrigation
Paddy,High,189.5350624,Clay,38.15169244,22.19578247,4.527977129,Drip Irrigation
Sugarcane,High,184.9764599,Clay,24.93039258,17.33178617,8.81769913,Basin Irrigation
Millets,High,58.54694148,Saline,32.54639884,39.09557902,2.327471555,Basin Irrigation
Barley,Medium,296.6732451,Red,28.027459,18.37700366,2.397291932,Surface Irrigation
Sugarcane,Medium,80.74270213,Sandy,36.88224155,18.79438525,6.988153561,Basin Irrigation
Paddy,High,107.7827281,Black,33.34227869,37.23941546,2.504850953,Basin Irrigation
Maize,High,62.92420931,Black,31.03024878,38.59820709,4.596873348,Surface Irrigation
Pulses,High,210.0007417,Saline,19.98097467,34.14572598,7.38204789,Furrow Irrigation
Barley,Medium,106.1752942,Clay,10.08074071,15.13512309,4.698135168,Furrow Irrigation
Oil Seeds,High,95.00260937,Black,16.96326701,15.03365677,3.436798252,Furrow Irrigation
Maize,High,72.13889606,Clay,14.68264166,24.45251924,4.250804975,Furrow Irrigation
Ground Nuts,Low,75.82723928,Red,27.9633898,18.58488425,5.660602658,Border Irrigation
Ground Nuts,Low,196.1676751,Sandy,34.49032603,15.45965355,5.803086843,Manual Irrigation
Pulses,Medium,222.0519665,Red,18.52340035,26.60166724,8.264001851,Furrow Irrigation
Cotton,High,149.3447471,Saline,47.56228384,38.57654744,8.001225835,Drip Irrigation
Wheat,High,169.9742704,Loamy,10.26728517,23.09548937,5.654542436,Sprinkler Irrigation
Tobacco,Low,221.491934,Loamy,40.89204061,31.52851696,8.765338793,Sprinkler Irrigation
Oil Seeds,Medium,54.34494755,Loamy,35.00819078,31.30588383,2.913897109,Border Irrigation
Cotton,Low,130.7826643,Red,24.94219204,21.27700259,4.042826802,Basin Irrigation
Paddy,Low,293.274437,Black,12.01955778,31.26063122,8.623811708,Surface Irrigation
Cotton,Low,195.0280574,Sandy,35.09946287,20.30834936,5.023952309,Basin Irrigation
Wheat,Low,113.556145,Loamy,25.42454051,18.05018534,9.84945247,Sprinkler Irrigation
Paddy,High,180.4325117,Saline,47.45068558,32.53458214,5.730026252,Drip Irrigation
Oil Seeds,High,135.663372,Saline,31.679603,17.83602043,8.335484984,Drip Irrigation
Wheat,Low,183.0612472,Loamy,47.58606045,39.92273046,5.218456331,Border Irrigation
Sugarcane,Medium,81.43537795,Loamy,18.81934774,19.58631003,5.399628152,Basin Irrigation
Tobacco,Medium,83.17866345,Sandy,39.02903641,29.85354657,5.063065178,Manual Irrigation
Oil Seeds,Medium,85.88559051,Loamy,34.68996083,25.28436429,7.752604964,Sprinkler Irrigation
Sugarcane,Medium,284.954948,Sandy,39.57632919,18.15966056,6.380143072,Surface Irrigation
Pulses,Low,233.2247296,Saline,18.58671456,15.69609769,9.550224891,Sprinkler Irrigation
Oil Seeds,High,90.59547367,Loamy,36.59978065,30.56830706,4.007122532,Drip Irrigation
Pulses,Medium,97.08727094,Red,29.92161572,35.16893909,2.804501857,Drip Irrigation
Paddy,Low,232.7073687,Red,39.712999,36.05039154,5.146091881,Basin Irrigation
Sugarcane,Medium,89.0409612,Saline,23.08178577,27.06783683,6.933701661,Basin Irrigation
Tobacco,Medium,108.6403233,Sandy,45.60228102,34.43638668,8.886391495,Drip Irrigation
Wheat,Low,290.8367082,Red,13.37205258,31.82117834,4.769575093,Surface Irrigation
Millets,High,113.8266312,Sandy,42.28757275,33.10636319,7.230294009,Drip Irrigation
Cotton,High,215.4080876,Red,44.45278503,27.31497513,4.801589448,Drip Irrigation
Maize,Low,294.6578219,Red,42.69009245,30.83529351,6.937756664,Surface Irrigation
Tobacco,High,143.5741918,Sandy,30.50905577,35.13814784,9.078463576,Manual Irrigation
Sugarcane,Low,54.37899772,Black,27.5353992,24.94710439,3.850861138,Basin Irrigation
Millets,Low,111.0368226,Red,49.85049146,35.14947252,5.233933137,Furrow Irrigation
Tobacco,Low,257.7192978,Loamy,19.16687805,29.80042107,9.946121571,Surface Irrigation
Sugarcane,High,266.152209,Saline,31.87503864,19.14752561,8.948456226,Surface Irrigation
Barley,Low,242.1298411,Black,36.82702102,15.61710393,6.517118863,Basin Irrigation
Barley,Medium,78.27745477,Sandy,38.03470543,24.06884001,6.133020735,Drip Irrigation
Pulses,High,248.8775929,Black,18.16098663,28.66740821,4.276803058,Furrow Irrigation
Tobacco,High,279.6694492,Clay,36.15976369,35.99550881,6.137675422,Drip Irrigation
Barley,High,200.1523856,Clay,42.73478266,18.187142,8.785451986,Drip Irrigation
Sugarcane,High,285.2188391,Red,12.00074307,35.00515869,7.481396106,Surface Irrigation
Pulses,Medium,256.7097209,Red,46.46085173,36.57522615,4.320352225,Surface Irrigation
Sugarcane,High,216.7428792,Loamy,11.18016221,18.76718718,3.611711368,Basin Irrigation
Pulses,High,194.2963092,Saline,24.2388413,36.28985798,4.121668296,Surface Irrigation
Tobacco,Low,137.1434168,Black,10.63252785,39.7863392,3.358073611,Furrow Irrigation
Millets,High,89.82186131,Clay,13.08580674,33.17097078,2.765125568,Furrow Irrigation
Wheat,Medium,201.2384807,Red,46.44673141,34.61924205,5.353089396,Surface Irrigation
Oil Seeds,Medium,129.5278884,Saline,24.19443323,39.86038169,2.906396835,Basin Irrigation
Millets,Medium,266.6096669,Black,26.99086122,30.13703126,3.375300462,Surface Irrigation
Paddy,Medium,298.3342343,Red,18.61377526,22.69715955,6.378597475,Surface Irrigation
Sugarcane,High,238.1069407,Red,33.88383081,35.93827085,3.31679419,Basin Irrigation
Paddy,High,72.62042382,Clay,33.79212859,30.36214444,2.511038139,Basin Irrigation
Millets,Medium,122.1713989,Clay,24.88801567,29.52988559,4.5391108,Surface Irrigation
Pulses,Medium,77.27740794,Red,23.32139487,21.34088889,3.762552789,Manual Irrigation
Oil Seeds,High,212.6279119,Sandy,45.39857233,33.90835674,6.122441504,Drip Irrigation
Oil Seeds,Medium,241.2977161,Red,25.33136959,17.0416819,2.818936677,Furrow Irrigation
Maize,Low,281.4187077,Saline,29.74003969,38.10717677,8.014166301,Surface Irrigation
Oil Seeds,Medium,159.5430866,Red,21.3321905,23.14558652,9.249868155,Sprinkler Irrigation
Wheat,Medium,275.3439124,Loamy,41.47078013,18.19436632,7.947481392,Surface Irrigation
Oil Seeds,Low,269.4727898,Loamy,25.89792628,26.05916333,6.262616299,Surface Irrigation
Millets,Low,129.2989292,Loamy,30.54444186,16.06174773,8.885342574,Sprinkler Irrigation
Maize,High,267.2251564,Sandy,20.1342868,32.11565486,7.559347038,Surface Irrigation
Millets,High,143.918063,Sandy,49.50638369,37.56763776,2.08440898,Drip Irrigation
Millets,Low,124.2173186,Red,21.65982964,35.93157518,5.152721222,Subsurface Irrigation
Ground Nuts,Low,212.2686647,Loamy,40.82970124,18.18423684,8.807615195,Sprinkler Irrigation
Cotton,High,132.095307,Sandy,27.09982601,18.15677843,4.766870864,Drip Irrigation
Maize,Medium,207.5521871,Clay,18.2486962,35.33586206,2.281721388,Furrow Irrigation
Millets,Low,202.4579514,Red,41.98875056,38.10635687,7.969437108,Sprinkler Irrigation
Cotton,High,190.8597318,Saline,23.34427156,26.51674575,8.416306162,Subsurface Irrigation
Cotton,Medium,145.1049261,Black,44.6077339,27.47427792,3.28474956,Sprinkler Irrigation
Maize,Low,187.1249304,Red,46.6102874,22.95655103,6.298723975,Sprinkler Irrigation
Ground Nuts,Medium,199.1213687,Black,44.39295342,37.35662796,3.535643512,Manual Irrigation
Paddy,High,186.4217221,Loamy,11.40031659,31.12257263,7.753875352,Basin Irrigation
Pulses,Low,161.1048632,Black,41.4949338,22.20628943,4.172403641,Furrow Irrigation
Wheat,Medium,53.66676426,Loamy,26.45357866,22.46957178,4.529720981,Surface Irrigation
Pulses,Low,196.7654269,Clay,44.94891681,37.28000183,8.759766829,Sprinkler Irrigation
Oil Seeds,Medium,92.11109629,Black,35.51817051,15.3408506,5.810578818,Surface Irrigation
Wheat,High,210.6439922,Red,43.34572537,23.06816432,7.35803561,Drip Irrigation
Oil Seeds,High,239.836082,Loamy,29.97727079,28.85891703,5.218984406,Manual Irrigation
Millets,Low,175.1113273,Red,31.40102018,18.70543655,4.384054858,Sprinkler Irrigation
Sugarcane,Medium,185.5909162,Sandy,15.77550529,17.30246885,7.003824483,Basin Irrigation
Maize,Low,287.8696399,Loamy,41.35949435,35.38190828,3.238860593,Surface Irrigation
Wheat,Low,261.7918403,Black,26.77558447,37.36010972,4.983998685,Surface Irrigation
Wheat,Medium,278.559129,Loamy,30.00320473,35.59016052,3.672296299,Surface Irrigation
Millets,Medium,253.4415721,Red,41.40390856,37.46969724,7.566359736,Surface Irrigation
Paddy,Medium,77.22958546,Clay,33.953816,28.82779928,9.553670707,Basin Irrigation
Cotton,High,87.24796399,Loamy,18.0439491,35.30645302,9.964087744,Furrow Irrigation
Millets,Low,181.6559493,Black,33.60930637,24.60106596,5.602214484,Furrow Irrigation
Barley,Low,111.5174147,Sandy,26.30531432,31.65669654,4.020243117,Basin Irrigation
Ground Nuts,High,169.1738688,Saline,28.78102168,39.72088828,5.542634963,Border Irrigation
Cotton,Medium,148.591331,Clay,11.13245098,20.6431931,8.77815528,Furrow Irrigation
Maize,High,187.3535596,Sandy,18.40117398,24.74749366,3.648045428,Drip Irrigation
Cotton,High,236.718929,Loamy,21.24152326,27.00118443,9.616765213,Manual Irrigation
Paddy,High,228.8727268,Red,38.51840031,18.45038718,4.73492615,Drip Irrigation
Cotton,Low,180.3085331,Red,10.45969893,17.02596526,9.886429276,Sprinkler Irrigation
Maize,High,255.5983547,Black,26.35109045,35.74307166,8.7088711,Surface Irrigation
Paddy,Low,157.7155229,Red,46.96107482,39.41985932,8.468564273,Sprinkler Irrigation
Pulses,Low,274.1785725,Clay,14.47522466,25.1181266,4.54323739,Surface Irrigation
Wheat,Low,67.82006751,Red,30.65697553,17.1912459,2.070217696,Border Irrigation
Wheat,Medium,288.6650075,Black,41.4608953,16.64529402,5.057063271,Surface Irrigation
Ground Nuts,Low,213.6732704,Saline,47.7012523,37.28295516,4.414474957,Manual Irrigation
Oil Seeds,Low,145.0186272,Loamy,39.87106558,26.59535624,2.299175923,Surface Irrigation
Pulses,Medium,99.28853164,Loamy,38.82262195,23.00068291,6.042922052,Sprinkler Irrigation
Pulses,Low,169.7958074,Red,43.05952361,26.91153178,5.22425049,Manual Irrigation
Cotton,High,98.6395808,Sandy,27.84804884,22.95760237,7.076451742,Manual Irrigation
Wheat,High,91.58290194,Loamy,42.2337813,27.22589438,6.969490578,Drip Irrigation
Maize,Low,204.3379394,Saline,10.31857619,36.48890992,2.965973087,Basin Irrigation
Tobacco,Medium,180.7711811,Red,46.98244222,29.80753428,9.815724369,Subsurface Irrigation
Tobacco,High,217.5240087,Black,27.73226038,32.36634432,3.495451436,Surface Irrigation
Paddy,Medium,282.4014694,Saline,32.13520751,24.11676691,5.562192198,Surface Irrigation
Wheat,Medium,183.0650533,Red,20.19528996,33.46264696,5.904940347,Drip Irrigation
Wheat,High,195.2330133,Saline,39.70123331,31.66542712,8.504502378,Drip Irrigation
Ground Nuts,Medium,72.40658479,Loamy,13.06543226,17.98904994,2.793836769,Furrow Irrigation
Tobacco,High,229.4089465,Black,44.9054321,29.31607133,5.429154234,Drip Irrigation
Wheat,Medium,149.9763017,Red,43.12467316,21.41858741,7.028017362,Sprinkler Irrigation
Ground Nuts,High,294.1813097,Clay,18.64240465,35.10239174,3.721244973,Surface Irrigation
Cotton,Low,255.7935039,Black,42.37297593,25.64844271,7.01974319,Surface Irrigation
Barley,High,180.6202601,Clay,41.45430932,39.86710413,9.3893187,Drip Irrigation
Sugarcane,High,80.80566354,Saline,35.28866391,17.31251095,9.980145049,Drip Irrigation
Pulses,High,264.8539483,Sandy,24.94080708,34.50869657,2.259608614,Surface Irrigation
Oil Seeds,High,249.9452739,Black,20.85995017,31.84254334,3.884705826,Surface Irrigation
Paddy,Medium,96.14628238,Saline,19.27134361,34.18747076,4.482456926,Basin Irrigation
Barley,Low,123.8195723,Clay,22.74435851,22.68824489,5.193008804,Subsurface Irrigation
Tobacco,High,248.3518145,Loamy,46.14233774,27.30136223,3.938057261,Drip Irrigation
Ground Nuts,Medium,96.30711164,Loamy,13.10563104,34.91271299,3.627903956,Manual Irrigation
Pulses,Low,279.4381223,Sandy,43.15485105,20.81353329,9.636430739,Surface Irrigation
Wheat,Low,156.1318563,Black,23.955603,20.65082992,9.348172822,Sprinkler Irrigation
Oil Seeds,Low,71.75974065,Black,30.86397584,28.77627383,2.375940008,Drip Irrigation
Wheat,Low,253.9371609,Black,41.77942535,28.08908949,4.710504173,Surface Irrigation
Maize,High,143.3774208,Saline,45.37506188,22.05656176,5.241188429,Drip Irrigation
Maize,High,181.6247985,Sandy,23.7912568,22.45189126,3.912116277,Manual Irrigation
Oil Seeds,Medium,78.0760861,Black,28.47373925,21.94612908,7.030983176,Drip Irrigation
Ground Nuts,Medium,50.64600371,Saline,26.58064259,34.28780155,7.123045973,Basin Irrigation
Oil Seeds,Medium,209.4963014,Loamy,10.53004134,31.29752164,8.804033827,Manual Irrigation
Tobacco,Low,178.7937926,Clay,21.83771555,35.81042959,7.926954147,Sprinkler Irrigation
Oil Seeds,Low,198.3846423,Saline,28.36756935,39.38682571,6.340586616,Surface Irrigation
Cotton,High,248.4359626,Loamy,26.44374436,26.85410741,7.22869416,Subsurface Irrigation
Wheat,Low,211.6514784,Loamy,38.8771691,16.66734704,4.191910252,Drip Irrigation
Barley,Low,93.69336071,Clay,25.39214469,16.20230776,6.74444952,Sprinkler Irrigation
Millets,Low,140.1931298,Loamy,29.57505796,22.39162598,5.913818038,Drip Irrigation
Ground Nuts,Medium,276.4727762,Sandy,27.18434369,38.31361473,3.066755739,Surface Irrigation
Oil Seeds,Medium,242.4861751,Clay,39.62504596,28.08032637,3.940354213,Subsurface Irrigation
Paddy,High,189.1592645,Loamy,44.51889596,21.7946629,4.333547606,Drip Irrigation
Maize,Low,113.9112495,Red,31.27556316,24.97916986,9.394476536,Sprinkler Irrigation
Cotton,Low,125.5151255,Saline,41.57728777,29.96487769,3.843093115,Furrow Irrigation
Pulses,High,232.9895169,Loamy,21.87146728,31.32374145,4.313951223,Furrow Irrigation
Millets,Low,262.7935652,Sandy,31.65478441,18.84798774,4.954833041,Surface Irrigation
Ground Nuts,Low,217.8561674,Black,23.80919815,39.42579191,7.309941909,Sprinkler Irrigation
Barley,Medium,252.3824939,Loamy,26.56803702,28.61930567,2.94590714,Surface Irrigation
Millets,High,241.6640338,Black,39.29655459,18.39220794,9.6315617,Drip Irrigation
Oil Seeds,High,87.42599199,Red,45.26649929,37.34088133,8.924569761,Drip Irrigation
Tobacco,High,155.9862032,Loamy,14.85981564,16.86596078,6.617728584,Basin Irrigation
Maize,High,88.24595021,Clay,35.38557026,37.69338583,7.392302939,Drip Irrigation
Maize,Medium,108.8088962,Black,33.2857523,39.91414141,2.13328377,Surface Irrigation
Pulses,Medium,267.3149062,Red,14.73660157,32.51079498,4.711558203,Surface Irrigation
Tobacco,Low,168.2229914,Clay,18.47577322,34.26118053,8.365281845,Sprinkler Irrigation
Wheat,Low,183.8395255,Clay,22.44009979,23.43257091,2.61986379,Subsurface Irrigation
Sugarcane,Low,94.61149131,Clay,16.67724283,38.53942132,4.258510674,Furrow Irrigation
Cotton,Low,128.0679465,Clay,19.7491793,28.24284915,6.682374627,Furrow Irrigation
Maize,Medium,107.5615421,Loamy,20.70403195,33.30971116,4.051304222,Basin Irrigation
Paddy,High,101.5465411,Saline,23.42695332,38.1026929,9.471823793,Basin Irrigation
Maize,Medium,209.4901983,Loamy,39.97561811,39.3794994,3.048469046,Border Irrigation
Millets,Low,114.2209619,Loamy,32.87648815,35.83010891,8.379154863,Sprinkler Irrigation
Maize,Medium,208.0038715,Red,49.44986688,22.57543767,6.063589535,Drip Irrigation
Ground Nuts,High,64.61365353,Red,26.58943308,39.16368791,8.002646207,Border Irrigation
Maize,High,85.44359838,Saline,40.15460295,30.70298828,4.485722626,Drip Irrigation
Sugarcane,Medium,118.6350635,Red,44.85873686,38.26606191,6.115916818,Basin Irrigation
Sugarcane,Medium,199.2617292,Sandy,37.15913972,31.90262565,8.854682798,Basin Irrigation
Barley,Medium,218.9603113,Saline,26.47458962,22.68097405,5.735024793,Drip Irrigation
Wheat,Low,160.6792417,Red,40.14378523,24.2506131,4.877758895,Furrow Irrigation
Paddy,Medium,161.4477286,Saline,18.14668551,28.76179443,6.28924309,Basin Irrigation
Maize,Medium,231.1292128,Loamy,23.10208661,34.75037104,7.738902024,Basin Irrigation
Maize,Medium,53.95527294,Loamy,31.8674102,22.94956378,5.548506764,Furrow Irrigation
Cotton,High,135.2725061,Saline,33.01637549,29.49327915,9.511015801,Sprinkler Irrigation
Sugarcane,High,254.6767643,Sandy,10.88565902,23.64062484,4.359566592,Surface Irrigation
Paddy,Low,200.8048526,Sandy,47.80456755,35.39423512,5.803708849,Basin Irrigation
Pulses,Low,134.3067832,Saline,37.86509085,26.66820234,8.055421275,Sprinkler Irrigation
Barley,High,276.3811981,Red,29.82815001,16.91807067,7.512968724,Surface Irrigation
Wheat,High,243.1556819,Black,47.32508938,19.15131304,8.909128419,Drip Irrigation
Tobacco,High,116.2238618,Sandy,27.56382261,16.52761669,9.974473445,Border Irrigation
Wheat,Medium,211.3224594,Clay,49.21742281,27.48257365,5.41486663,Border Irrigation
Ground Nuts,Medium,198.937682,Loamy,30.49139029,17.65843243,2.889207038,Furrow Irrigation
Millets,High,150.2969785,Saline,14.5714308,17.85349923,2.243327046,Sprinkler Irrigation
Ground Nuts,Medium,141.7390198,Clay,40.5920389,38.5262065,7.815015249,Drip Irrigation
Maize,Medium,135.8901187,Saline,37.155909,36.8163768,8.99210937,Basin Irrigation
Barley,Low,204.2889458,Loamy,40.91946885,26.30216492,3.765700688,Sprinkler Irrigation
Millets,High,160.6024841,Loamy,48.05768115,39.64513302,3.267584298,Drip Irrigation
Paddy,High,257.9657783,Sandy,41.05957211,15.0046632,2.497640732,Drip Irrigation
Tobacco,Medium,217.400654,Sandy,34.45346409,30.34948641,8.581623374,Basin Irrigation
Sugarcane,High,67.48290143,Clay,44.29235609,30.41070443,4.491055519,Drip Irrigation
Barley,Low,210.042056,Saline,36.92985757,26.4360764,5.213575142,Border Irrigation
Barley,Low,117.7868591,Loamy,26.32476227,24.92369932,6.022001533,Basin Irrigation
Ground Nuts,Low,198.2029979,Clay,45.42479057,26.38457839,8.715625874,Sprinkler Irrigation
Maize,High,220.0329828,Black,18.87601843,25.3740109,7.206665772,Furrow Irrigation
Oil Seeds,High,107.7072973,Clay,38.585651,33.26231194,6.920517039,Drip Irrigation
Ground Nuts,High,164.2146612,Red,45.2625382,18.38388587,3.4053768,Drip Irrigation
Barley,High,97.5812157,Clay,39.25266079,19.94098051,6.105519134,Drip Irrigation
Cotton,High,63.08471895,Red,37.89101676,19.51295571,7.723048137,Drip Irrigation
Tobacco,Low,144.6191059,Red,40.10553176,21.56176463,9.786087064,Sprinkler Irrigation
Ground Nuts,Medium,140.736068,Red,28.60220993,28.13146047,3.611250474,Border Irrigation
Tobacco,Low,298.8701227,Black,44.96682729,17.78021868,2.076346825,Surface Irrigation
Cotton,High,161.5880878,Clay,18.13745901,36.70423238,2.602411469,Furrow Irrigation
Pulses,Low,133.3923874,Clay,15.09545664,22.43403828,5.006819721,Furrow Irrigation
Cotton,High,195.1187517,Black,21.4203512,19.06344969,8.564357182,Sprinkler Irrigation
Cotton,High,72.19184853,Loamy,31.26309587,31.89053274,2.057136654,Border Irrigation
Tobacco,Low,290.416434,Sandy,30.42247182,15.95215751,5.653844743,Surface Irrigation
Wheat,High,208.7400114,Clay,42.82395031,30.49921412,4.633844923,Drip Irrigation
Tobacco,Medium,238.709455,Sandy,26.18274626,32.45496077,2.419853681,Manual Irrigation
Oil Seeds,High,92.61948454,Saline,29.37377705,20.37291328,5.601890293,Surface Irrigation
Maize,Medium,152.3694633,Saline,10.53470733,16.04910184,4.037989659,Border Irrigation
Millets,Medium,155.6722783,Black,26.38956946,24.09113397,4.815078675,Furrow Irrigation
Wheat,High,255.451611,Saline,35.91096932,17.46485576,7.644922438,Drip Irrigation
Sugarcane,Low,50.30916994,Saline,10.62033323,17.91194624,6.172407871,Basin Irrigation
Millets,Medium,125.2132771,Loamy,21.23527861,21.35653079,2.997179432,Sprinkler Irrigation
Maize,Low,295.3090936,Loamy,18.31825437,22.38669812,9.691316323,Surface Irrigation
Ground Nuts,Medium,168.7216359,Loamy,11.67941716,28.24925853,7.087286126,Manual Irrigation
Oil Seeds,High,145.6315701,Saline,29.1704036,31.95979714,8.126947405,Drip Irrigation
Oil Seeds,High,79.9572505,Black,17.26893173,29.81927352,2.6337052,Furrow Irrigation
Sugarcane,Medium,293.5411572,Red,39.72326159,18.70900843,2.376467036,Surface Irrigation
Wheat,High,55.00658898,Red,43.91711535,19.30215081,2.155584403,Drip Irrigation
Pulses,Medium,234.2950563,Sandy,31.82340731,36.96923124,3.510352222,Basin Irrigation
Cotton,High,242.1499512,Red,49.2682937,28.95880788,5.315267182,Drip Irrigation
Wheat,Low,110.914179,Red,28.01914286,36.74844582,9.486609067,Sprinkler Irrigation
Pulses,High,217.8896109,Loamy,30.53472841,24.28866278,5.656477274,Manual Irrigation
Oil Seeds,Low,73.23228609,Loamy,49.56871016,30.36000019,4.322040843,Subsurface Irrigation
Tobacco,High,114.2618166,Saline,19.26193744,28.0915854,6.495482028,Manual Irrigation
Maize,Low,246.9754971,Sandy,47.70183759,22.97808725,2.895476625,Sprinkler Irrigation
Sugarcane,High,266.171548,Clay,11.7135022,26.7478843,6.876047128,Surface Irrigation
Maize,Low,202.1216032,Sandy,27.85547561,27.56227192,6.547455635,Manual Irrigation
Paddy,Medium,176.709608,Sandy,12.80014049,20.01927437,8.335944267,Basin Irrigation
Paddy,Medium,89.82600515,Black,39.16938972,22.87525931,9.893500893,Basin Irrigation
Ground Nuts,Low,65.77725827,Saline,34.33635744,34.78524376,4.006987774,Manual Irrigation
Wheat,High,79.41225712,Black,38.26537054,37.89470599,6.077251606,Drip Irrigation
Oil Seeds,Low,106.839325,Sandy,24.979216,23.99485234,9.270923251,Sprinkler Irrigation
Oil Seeds,High,135.4186255,Sandy,24.77927736,22.67430706,8.281519075,Furrow Irrigation
Cotton,Medium,145.2273814,Sandy,11.81277116,19.87992911,5.899250425,Border Irrigation
Cotton,High,136.5804421,Red,23.99779758,31.96227922,9.562973197,Basin Irrigation
Cotton,Medium,109.763833,Black,47.17153609,23.07749254,2.457893548,Surface Irrigation
Tobacco,High,177.4310617,Sandy,25.16906149,39.69373848,9.447988958,Drip Irrigation
Millets,High,256.3215271,Loamy,43.25470825,23.14212005,2.404059139,Drip Irrigation
Barley,High,119.9258846,Saline,43.69302019,24.85340117,6.378437953,Drip Irrigation
Millets,Low,285.5967548,Saline,24.92964626,30.08335491,9.123527584,Surface Irrigation
Maize,Low,268.3341654,Loamy,35.27954722,35.04210733,4.101767548,Surface Irrigation
Millets,Medium,90.44105284,Saline,13.81486409,26.73796663,5.777987992,Surface Irrigation
Tobacco,Medium,246.5689892,Red,14.14714323,25.56640084,4.594631033,Manual Irrigation
Ground Nuts,Low,193.6468456,Red,11.94630655,39.89094584,9.617151337,Sprinkler Irrigation
Maize,Medium,191.6438405,Clay,33.24060374,15.26234103,8.589164758,Subsurface Irrigation
Millets,Low,147.7606908,Clay,27.04283911,37.37663222,7.672012091,Sprinkler Irrigation
Tobacco,High,175.2882498,Clay,31.92129427,18.72852065,6.701015893,Sprinkler Irrigation
Barley,Medium,149.2946944,Saline,30.84292762,34.64813191,8.564734315,Basin Irrigation
Millets,Medium,184.9331547,Red,24.00811964,30.448289,5.138136332,Sprinkler Irrigation
Tobacco,Low,206.9875132,Red,37.09893659,23.54618214,5.580414841,Furrow Irrigation
Cotton,Medium,218.5759516,Red,40.34007524,36.84687389,7.840013769,Sprinkler Irrigation
Oil Seeds,Medium,183.1202981,Loamy,10.58513036,15.3226807,4.862038106,Drip Irrigation
Cotton,High,230.3555168,Red,18.28969199,20.6672663,2.511207536,Subsurface Irrigation
Oil Seeds,Medium,85.31951232,Loamy,38.52943472,29.17231991,2.594676871,Surface Irrigation
Sugarcane,High,102.9956227,Clay,25.46480691,23.7885565,2.92290241,Basin Irrigation
Sugarcane,Low,254.683751,Clay,36.49935788,30.25943738,8.957450587,Surface Irrigation
Sugarcane,Medium,130.6319945,Saline,23.87850639,15.60275484,5.777811406,Basin Irrigation
Barley,High,55.72345624,Clay,25.63020609,17.91147326,7.703058955,Manual Irrigation
Cotton,Low,88.44778742,Saline,16.34715495,18.17740601,5.143274685,Manual Irrigation
Oil Seeds,Medium,105.9036086,Sandy,20.32924079,19.73209115,4.069687579,Subsurface Irrigation
Tobacco,Low,289.330722,Sandy,34.2164703,26.48328602,4.77753734,Surface Irrigation
Maize,Medium,193.2603572,Black,27.32652445,33.80321749,8.353458763,Basin Irrigation
Tobacco,Low,283.1826851,Saline,40.97210732,37.63847095,7.001729,Surface Irrigation
Maize,Low,193.7908376,Black,44.1033982,35.88431326,9.50111824,Sprinkler Irrigation
Paddy,High,169.83861,Black,31.66585673,19.92219679,7.437638229,Basin Irrigation
Tobacco,Low,128.4319228,Sandy,40.33069168,26.02876381,6.561453054,Sprinkler Irrigation
Millets,Medium,201.5927361,Saline,22.27618053,19.98528994,6.881568072,Basin Irrigation
Millets,Medium,84.79950615,Sandy,26.59884862,21.61179542,9.538971516,Surface Irrigation
Wheat,High,274.5654068,Black,38.51110705,27.58867454,8.305607439,Drip Irrigation
Cotton,Medium,257.3331013,Saline,25.44847971,16.70272562,2.192329899,Surface Irrigation
Maize,Medium,129.382862,Black,33.54019741,20.45435824,6.273117569,Basin Irrigation
Maize,Medium,288.1993819,Red,17.41491116,38.38445403,7.506707292,Surface Irrigation
Ground Nuts,Low,256.3001919,Saline,33.9908526,26.65290732,7.989587828,Surface Irrigation
Cotton,Low,216.5767215,Saline,44.46054829,26.13466315,3.705136955,Furrow Irrigation
Barley,Medium,80.44047778,Black,44.74558559,15.36417887,8.937418836,Subsurface Irrigation
Wheat,High,169.5585058,Red,38.97377625,21.18499368,9.646745177,Drip Irrigation
Barley,Low,176.5268887,Loamy,39.83013516,36.6573109,3.893722447,Surface Irrigation
Barley,High,108.1378396,Sandy,32.31709781,19.11571071,9.06092366,Surface Irrigation
Barley,Medium,69.99134859,Black,33.38672361,25.37812349,2.7758301,Border Irrigation
Cotton,Medium,244.1809076,Saline,15.34602326,15.35827265,2.445654689,Surface Irrigation
Barley,Low,80.50876303,Sandy,27.75436754,26.95838704,3.033790401,Border Irrigation
Millets,Medium,198.5726876,Sandy,28.03105136,15.52552767,2.461928636,Drip Irrigation
Ground Nuts,Low,284.1122935,Sandy,48.33991343,35.49023883,8.760097897,Surface Irrigation
Ground Nuts,Medium,269.0262981,Loamy,27.2434745,35.62134419,2.472401156,Surface Irrigation
Sugarcane,Medium,119.4381559,Clay,31.9737058,34.69355471,4.173313531,Basin Irrigation
Paddy,Low,262.8621594,Black,31.33005597,22.08410172,2.830050748,Surface Irrigation
Maize,Low,50.08312653,Clay,35.47046868,35.93093046,4.363376291,Manual Irrigation
Maize,Low,54.4219524,Clay,39.92931325,28.57495332,2.724475741,Border Irrigation
Paddy,Medium,200.638291,Clay,19.00167505,24.34520272,7.344026006,Furrow Irrigation
Cotton,Medium,141.1995548,Sandy,31.14897676,30.63324899,3.066614531,Subsurface Irrigation
Tobacco,High,146.6152103,Red,43.03670829,15.30852615,8.814767407,Drip Irrigation
Cotton,Low,191.1102727,Sandy,28.52458855,18.57402194,8.537528406,Sprinkler Irrigation
Maize,Medium,97.9456139,Sandy,21.13830185,33.55733845,2.109293484,Basin Irrigation
Maize,Medium,102.9388377,Saline,36.18836301,21.10404022,9.165810844,Border Irrigation
Paddy,Low,171.1503968,Saline,42.95069583,29.95022793,2.231554534,Basin Irrigation
Barley,High,238.5633861,Clay,12.52561172,24.62756507,3.91716628,Furrow Irrigation
Cotton,Low,204.8744379,Sandy,41.07161934,36.37014447,2.259113102,Surface Irrigation
Oil Seeds,High,124.3387621,Clay,42.86591732,38.81038265,4.686747896,Drip Irrigation
Paddy,Medium,157.5842944,Saline,28.4609171,37.08911821,6.110932206,Basin Irrigation
Millets,High,92.66618964,Red,49.33222627,21.76549987,8.373158952,Drip Irrigation
Maize,Medium,68.65745358,Black,41.46833363,19.85407173,4.703852404,Subsurface Irrigation
Paddy,Low,245.6740102,Clay,40.9465026,26.86087234,7.643920197,Sprinkler Irrigation
Cotton,Low,116.3468523,Red,39.91354298,15.18335377,3.500035657,Border Irrigation
Maize,Low,94.44159696,Black,16.02432413,15.64523482,8.004787654,Sprinkler Irrigation
Tobacco,High,222.9045139,Loamy,18.68923546,28.83226599,3.887972847,Border Irrigation
Paddy,Medium,204.5129186,Clay,28.55960526,28.0112351,3.148358048,Basin Irrigation
Wheat,Low,208.2974065,Clay,20.560174,39.86454973,3.483270803,Surface Irrigation
Maize,Low,107.2236512,Loamy,26.60963889,20.04604588,3.456505031,Furrow Irrigation
Cotton,Medium,108.1613846,Loamy,45.5385644,21.45259823,6.102903035,Furrow Irrigation
Sugarcane,Low,105.2006574,Clay,42.97307568,17.83851606,8.75838065,Sprinkler Irrigation
Oil Seeds,Medium,93.43814892,Loamy,35.20159514,37.93857524,2.636840616,Border Irrigation
Pulses,Medium,213.9309181,Sandy,44.32481577,34.44528111,7.655650548,Furrow Irrigation
Barley,Medium,262.0039713,Black,41.35089556,35.55847779,7.234771677,Surface Irrigation
Pulses,Medium,231.0793674,Black,27.15939727,37.5690947,8.980159615,Sprinkler Irrigation
Cotton,Medium,248.0234084,Black,18.04260608,28.12249967,3.953180484,Furrow Irrigation
Millets,High,151.1996073,Sandy,30.5680416,26.27982979,5.600878869,Surface Irrigation
Millets,Low,213.5189488,Loamy,39.4491553,23.25978684,9.406618996,Sprinkler Irrigation
Sugarcane,High,138.5590601,Red,27.45678395,29.73036536,7.279947601,Basin Irrigation
Barley,Low,181.3761555,Loamy,36.67087639,26.35695992,5.110147303,Sprinkler Irrigation
Wheat,High,170.4087116,Clay,13.77309705,26.28913967,3.051299063,Furrow Irrigation
Sugarcane,Medium,94.22178629,Saline,39.92018945,38.42319659,4.099880063,Basin Irrigation
Ground Nuts,Low,146.7696901,Black,42.5085448,39.60078786,6.64972382,Subsurface Irrigation
Pulses,Low,290.9555689,Loamy,38.27351423,34.91210973,7.74534358,Surface Irrigation
Sugarcane,High,112.1450644,Red,48.6905435,33.91895226,2.995375095,Drip Irrigation
Pulses,High,83.45093407,Clay,43.0660823,32.01395404,6.79677808,Drip Irrigation
Maize,Low,154.6451554,Sandy,46.12374912,19.15187131,6.402810231,Sprinkler Irrigation
Millets,High,247.584434,Sandy,47.34284334,16.47764552,6.111643574,Drip Irrigation
Maize,High,195.5370574,Red,42.05391967,32.26815788,7.520984941,Drip Irrigation
Oil Seeds,High,220.2437068,Clay,36.97035368,33.21965556,8.699596761,Drip Irrigation
Ground Nuts,Medium,97.42371204,Black,10.22874325,16.17432478,4.583917465,Furrow Irrigation
Barley,Medium,204.7370483,Loamy,28.63303013,38.20129376,9.112097521,Subsurface Irrigation
Wheat,High,130.8750987,Clay,32.84649194,17.27851599,3.285068901,Border Irrigation
Pulses,High,258.5758415,Sandy,22.1612109,22.14751334,3.384190958,Surface Irrigation
Wheat,Medium,207.3247015,Red,22.72417788,31.80974532,4.134176509,Subsurface Irrigation
Pulses,Medium,99.71406944,Red,48.44637663,19.24681486,2.956246956,Subsurface Irrigation
Cotton,Low,66.15416996,Loamy,45.66843461,16.38539721,3.842553797,Basin Irrigation
Sugarcane,Low,60.65830232,Red,43.96716022,23.27866223,2.851294103,Basin Irrigation
Oil Seeds,Medium,142.8521419,Red,26.24047207,34.14928937,8.574019336,Sprinkler Irrigation
Millets,High,116.4627842,Clay,10.54794202,25.34196697,3.111751935,Furrow Irrigation
Pulses,High,211.5225309,Black,13.20888986,31.32432305,7.97838046,Furrow Irrigation
Wheat,High,174.8334587,Loamy,22.48785473,29.49047743,2.383310943,Basin Irrigation
Oil Seeds,High,116.5048195,Clay,10.62971652,15.55546205,9.58816262,Furrow Irrigation
Tobacco,Low,87.30944449,Black,10.68599128,39.71349968,7.6892807,Sprinkler Irrigation
Tobacco,Medium,81.79994067,Clay,46.66413207,16.03570222,2.054372389,Border Irrigation
Maize,High,266.165098,Saline,38.24634008,39.19506844,8.110852002,Drip Irrigation
Millets,Low,110.8694921,Clay,22.3582396,28.74660446,6.112655366,Surface Irrigation
Cotton,High,212.927662,Red,15.3057831,39.07897568,8.234921363,Sprinkler Irrigation
Wheat,Medium,252.671482,Black,30.46542872,17.86883999,6.179974471,Surface Irrigation
Sugarcane,Low,203.5203278,Loamy,10.21384643,27.26021298,7.128198861,Sprinkler Irrigation
Sugarcane,Medium,264.8913079,Loamy,47.53654975,19.2376023,8.290653243,Surface Irrigation
Wheat,Medium,148.0984304,Black,26.59260478,16.27437193,5.240864437,Surface Irrigation
Barley,Low,289.0555477,Red,26.09339821,30.43822788,2.021665199,Surface Irrigation
Cotton,Low,83.28625104,Sandy,25.6237443,20.19458552,8.799571968,Sprinkler Irrigation
Oil Seeds,Low,75.53738241,Clay,12.77313322,29.69242546,5.047122901,Furrow Irrigation
Pulses,Low,214.6730366,Red,35.53288959,17.80911205,5.968341808,Surface Irrigation
Barley,Low,285.7077854,Saline,39.32014479,23.29966179,2.062133137,Surface Irrigation
Pulses,Low,252.2208654,Black,37.0450159,34.54081395,5.936736083,Surface Irrigation
Pulses,Low,69.10421486,Clay,15.53741973,25.92628805,9.891899213,Sprinkler Irrigation
Barley,High,119.8419285,Loamy,33.15360672,30.69363537,4.226141287,Subsurface Irrigation
Maize,Medium,282.5797212,Sandy,32.77937937,31.18644852,5.163346162,Surface Irrigation
Tobacco,Low,113.2646082,Saline,44.73643152,36.0938761,7.497519972,Sprinkler Irrigation
Pulses,High,245.2926059,Loamy,25.16510634,23.12306986,8.51834934,Manual Irrigation
Barley,High,256.283049,Black,24.85943775,32.18238906,5.339132992,Surface Irrigation
Barley,High,173.8630259,Clay,34.74108235,39.04039518,4.477350963,Sprinkler Irrigation
Ground Nuts,Medium,146.5872275,Black,35.32290614,33.25608336,9.5026064,Surface Irrigation
Paddy,Low,162.5311081,Clay,28.77140909,27.24676192,7.417159733,Sprinkler Irrigation
Maize,High,106.7411736,Red,27.72237449,30.76793611,2.952170436,Manual Irrigation
Millets,Medium,272.347729,Sandy,29.76590683,33.49207244,2.551423025,Surface Irrigation
Paddy,Medium,162.6549142,Red,44.44181198,30.30689414,5.868398806,Basin Irrigation
Paddy,Medium,270.6148601,Red,28.44667605,15.41689534,3.760720528,Surface Irrigation
Wheat,High,76.42336998,Black,47.59727168,19.86933744,4.031878027,Drip Irrigation
Tobacco,Low,297.0688178,Sandy,30.16015054,35.26170543,9.021537431,Surface Irrigation
Barley,High,160.8182719,Clay,47.96802773,21.81626618,2.716528195,Drip Irrigation
Tobacco,High,61.9577051,Clay,43.31327607,33.28905299,7.722912922,Drip Irrigation
Cotton,Low,59.50546206,Saline,24.4972529,24.30300538,4.169138027,Furrow Irrigation
Wheat,Low,236.5518144,Loamy,44.54565685,28.0471082,8.082625771,Sprinkler Irrigation
Millets,Low,214.7588836,Saline,14.40253137,16.6993325,7.779291076,Sprinkler Irrigation
Tobacco,Medium,250.5326395,Saline,47.00188701,19.53063903,2.059135212,Surface Irrigation
Sugarcane,Low,76.34188349,Clay,35.2657406,38.92992409,6.073083303,Basin Irrigation
Pulses,High,58.89271676,Black,12.17562994,37.25345134,3.114555859,Furrow Irrigation
Cotton,Low,177.1448224,Red,35.77026895,31.30687777,8.929816245,Sprinkler Irrigation
Maize,High,146.8988079,Red,48.96990617,26.49111493,8.972687063,Drip Irrigation
Millets,Medium,165.4867342,Red,12.79202618,31.89403232,5.34676646,Surface Irrigation
Cotton,High,297.8971022,Sandy,32.18750839,30.46525723,5.555164948,Surface Irrigation
Pulses,High,292.6874894,Clay,39.91177399,29.21380639,4.426263515,Drip Irrigation
Wheat,Low,285.5788474,Black,42.41034347,16.4794268,7.732850392,Surface Irrigation
Pulses,Low,245.9606692,Sandy,26.55309861,30.82006527,4.869290904,Furrow Irrigation
Paddy,High,138.7103401,Loamy,18.16666237,34.22300111,4.142339796,Basin Irrigation
Pulses,Low,153.0327326,Black,11.69369115,39.85204137,5.457848476,Furrow Irrigation
Paddy,Medium,187.4040109,Saline,33.18904628,15.27696381,2.731900147,Basin Irrigation
Wheat,Medium,257.6336141,Black,28.11644281,33.25433633,7.972825637,Surface Irrigation
Oil Seeds,Low,67.17820813,Black,47.94977581,29.2947329,2.10077121,Sprinkler Irrigation
Paddy,Medium,156.0742215,Red,12.42419631,25.8513044,7.155880492,Basin Irrigation
Maize,Low,70.65441586,Black,37.41581374,18.18925436,3.462916214,Border Irrigation
Pulses,High,178.6643966,Saline,10.99864888,25.22712872,3.85923237,Basin Irrigation
Pulses,High,274.725206,Saline,16.85736707,23.85942957,7.085055989,Surface Irrigation
Maize,Medium,245.6212311,Clay,28.14316,22.57074722,9.943547726,Sprinkler Irrigation
Sugarcane,Low,106.9606044,Black,28.19489771,33.27199058,8.221739913,Sprinkler Irrigation
Barley,Low,293.9977124,Red,37.42802172,32.51813803,3.806717058,Surface Irrigation
Oil Seeds,Medium,216.8375995,Black,46.40852139,29.72550227,3.40819804,Basin Irrigation
Millets,High,52.60692485,Loamy,35.56128636,38.46662033,8.929862962,Drip Irrigation
Paddy,Medium,113.8533712,Loamy,48.14140391,23.7463596,5.553471583,Basin Irrigation
Maize,High,115.178325,Red,45.2646256,21.09504844,3.096422423,Drip Irrigation
Wheat,Low,67.31357657,Clay,33.37999182,31.39758283,8.897691387,Sprinkler Irrigation
Paddy,High,289.9566295,Clay,43.35167804,19.97035152,8.528738823,Drip Irrigation
Barley,Medium,169.5638236,Saline,35.70310441,22.87526268,9.871250911,Basin Irrigation
Wheat,Low,273.9536493,Saline,13.14231324,20.615061,9.277949494,Surface Irrigation
Cotton,Medium,130.5538759,Sandy,39.62258893,16.72883919,8.814322709,Sprinkler Irrigation
Pulses,Medium,81.30839261,Red,13.79633765,35.68746854,2.420595182,Surface Irrigation
Cotton,High,168.5840275,Black,33.76331122,21.36351357,2.835322956,Drip Irrigation
Paddy,Medium,78.48915868,Red,38.10560823,26.82568758,6.551865554,Basin Irrigation
Barley,High,171.5038757,Sandy,12.66110433,16.08288183,6.25183397,Surface Irrigation
Oil Seeds,Low,280.0742953,Saline,19.23178616,32.48348666,5.663705716,Surface Irrigation
Paddy,High,180.1920355,Red,46.62688929,23.26402506,5.174314603,Drip Irrigation
Maize,Low,204.1249317,Red,34.65257969,33.6184182,5.449683879,Surface Irrigation
Tobacco,High,89.15960924,Saline,19.85144075,25.31007651,6.554383473,Border Irrigation
Paddy,Medium,60.93390647,Sandy,37.62719085,19.89389016,2.016612141,Basin Irrigation
Pulses,High,77.70199054,Saline,33.8710568,27.82937706,4.085670193,Subsurface Irrigation
Pulses,High,199.6328939,Clay,30.063028,18.26261399,6.146237766,Subsurface Irrigation
Paddy,Low,73.75292475,Black,49.047479,26.013479,7.777728789,Sprinkler Irrigation
Wheat,Medium,143.9982225,Saline,37.3381511,22.93263694,3.393253539,Surface Irrigation
Tobacco,High,187.5229851,Sandy,25.01764439,37.7989896,6.37504939,Furrow Irrigation
Maize,Medium,147.1631997,Loamy,42.00293728,16.52321804,7.715677471,Border Irrigation
Paddy,High,90.92095037,Clay,45.38333172,32.35043535,5.557021263,Drip Irrigation
Wheat,High,118.4478269,Loamy,15.00882238,19.56877915,2.216649069,Basin Irrigation
Pulses,Medium,282.0793832,Saline,18.02211911,22.97612686,5.594145268,Surface Irrigation
Pulses,High,218.9955689,Clay,18.64908037,25.38785158,4.371559102,Furrow Irrigation
Barley,Medium,174.0119597,Black,37.64847238,37.70037723,9.437196862,Manual Irrigation
Paddy,High,53.1787225,Saline,34.1215822,21.06445665,2.996907085,Basin Irrigation
Tobacco,Low,298.1038501,Black,34.75966259,17.28272006,7.219807644,Surface Irrigation
Sugarcane,Medium,217.8637337,Red,47.63093199,22.9672401,2.421758131,Basin Irrigation
Tobacco,High,129.2306193,Loamy,41.03646131,17.61689926,5.569363503,Drip Irrigation
Pulses,High,269.817165,Clay,15.11747698,18.21491215,6.431835898,Surface Irrigation
Pulses,Low,114.6079051,Black,23.9002833,29.34626495,4.383639451,Subsurface Irrigation
Cotton,Medium,186.0041448,Sandy,27.41574585,16.52254833,5.640605084,Surface Irrigation
Pulses,High,209.0176909,Black,25.83846355,15.77327203,3.308430356,Border Irrigation
Maize,Low,105.2658429,Sandy,36.77234437,32.86035254,4.432990796,Drip Irrigation
Millets,High,294.5993197,Saline,45.67572413,24.04117737,6.968850599,Drip Irrigation
Paddy,Medium,237.0479765,Clay,22.24205854,18.13438373,4.414400447,Basin Irrigation
Tobacco,High,189.4533064,Black,32.07508546,21.34031927,9.197944627,Furrow Irrigation
Millets,High,95.14864954,Black,41.57637688,31.05216268,7.027255661,Drip Irrigation
Wheat,High,63.46455175,Clay,26.64872235,21.88841418,5.509192147,Sprinkler Irrigation
Sugarcane,High,130.0149581,Black,16.72472514,27.36302813,2.310055484,Furrow Irrigation
Maize,Low,238.296834,Sandy,28.99803861,18.04238267,5.996386682,Surface Irrigation
Ground Nuts,Low,117.3328246,Black,12.20890083,29.70234094,8.118209937,Sprinkler Irrigation
Tobacco,Medium,184.8890551,Loamy,47.69533816,22.9019421,4.124460784,Border Irrigation
Millets,Low,231.9867942,Saline,12.99284821,30.67421086,8.454188557,Sprinkler Irrigation
Sugarcane,Low,76.98592866,Red,27.53826861,35.20987206,4.014454128,Basin Irrigation
Cotton,Medium,221.324504,Sandy,31.19525044,30.29116048,8.589971104,Surface Irrigation
Maize,Low,72.96772193,Loamy,49.41215329,22.39368906,2.682146733,Manual Irrigation
Maize,Low,291.2824355,Saline,16.64087295,21.39359254,8.929469671,Surface Irrigation
Cotton,Medium,172.0985325,Clay,14.57726074,23.18552397,5.993491607,Furrow Irrigation
Ground Nuts,Medium,87.66902693,Sandy,10.34824588,19.11551283,4.372300717,Basin Irrigation
Paddy,Medium,135.595909,Red,16.22285747,19.52929627,4.120906003,Basin Irrigation
Cotton,High,153.3541123,Saline,18.29091916,34.76727755,5.456084471,Furrow Irrigation
Maize,High,239.5462528,Red,35.22323766,24.61831441,9.992395985,Drip Irrigation
Maize,Medium,235.8559465,Clay,18.78827162,25.89987951,3.762619148,Furrow Irrigation
Millets,Medium,202.9851263,Clay,10.82083259,29.85123664,2.825733191,Furrow Irrigation
Pulses,Medium,76.48267814,Sandy,43.06473382,29.74133738,6.68028135,Subsurface Irrigation
Ground Nuts,High,87.8923429,Black,24.62382804,16.68442179,5.908339732,Subsurface Irrigation
Sugarcane,High,73.43923016,Clay,24.14786746,35.78851966,6.193570169,Basin Irrigation
Cotton,Low,194.2931958,Saline,22.09916117,19.43316383,7.33548334,Sprinkler Irrigation
Sugarcane,Low,269.2846104,Black,49.01493109,33.0767909,4.137152559,Surface Irrigation
Cotton,Medium,158.4501281,Loamy,16.80461669,34.3167747,9.285319963,Subsurface Irrigation
Wheat,High,90.21204349,Red,45.92952256,32.87248835,5.485376529,Drip Irrigation
Maize,High,189.5105813,Black,41.07213329,29.47444116,3.032689561,Drip Irrigation
Pulses,High,252.9380542,Red,13.05919822,15.36522493,7.938390054,Surface Irrigation
Millets,Medium,235.4280154,Black,49.46916406,24.00938731,7.144834821,Manual Irrigation
Pulses,Low,270.3626949,Loamy,20.85463854,30.12098573,4.52594722,Surface Irrigation
Pulses,Medium,119.4755243,Clay,13.94331708,24.6862824,6.972149792,Furrow Irrigation
Pulses,Low,98.48846682,Loamy,43.17256937,36.58699737,3.758895651,Sprinkler Irrigation
Sugarcane,Low,269.9541215,Clay,38.26702135,22.72005688,5.558714875,Surface Irrigation
Cotton,Medium,214.3900782,Clay,34.68875224,22.33836981,9.195300177,Border Irrigation
Oil Seeds,Low,127.7322325,Red,16.23923455,21.64994233,3.068273865,Furrow Irrigation
Wheat,Low,235.5870126,Saline,29.13984465,23.31952172,5.0935716,Furrow Irrigation
Tobacco,High,253.7795961,Loamy,41.22224108,28.93512411,8.569139398,Drip Irrigation
Pulses,Low,203.7445601,Black,22.14495753,32.67538236,9.755927195,Sprinkler Irrigation
Paddy,Medium,221.9710275,Loamy,22.46759314,31.56419794,5.631409091,Basin Irrigation
Sugarcane,Medium,143.8149761,Red,10.12563624,35.1929455,6.055996961,Basin Irrigation
Ground Nuts,Low,184.6739168,Clay,16.96973607,37.14784989,6.577375694,Furrow Irrigation
Millets,High,181.0397927,Red,45.016225,35.40197606,9.458785133,Drip Irrigation
Tobacco,High,262.0119478,Sandy,27.66985967,15.47363508,8.865654328,Surface Irrigation
Oil Seeds,Low,259.9909951,Sandy,49.36937997,33.39794884,3.364808997,Surface Irrigation
Paddy,Low,258.1701173,Black,25.82831854,20.20998934,5.494062543,Surface Irrigation
Oil Seeds,Medium,52.75790357,Red,38.60745819,18.32320107,5.712003426,Subsurface Irrigation
Tobacco,Low,237.3863711,Black,21.27676172,30.96221962,8.312768893,Sprinkler Irrigation
Pulses,High,239.6690975,Black,24.55238565,22.99357989,6.823143061,Subsurface Irrigation
Paddy,Low,219.5947057,Sandy,17.6290395,16.42792908,7.233763696,Sprinkler Irrigation
Oil Seeds,Medium,239.0661645,Black,23.88249474,18.44074336,9.985599261,Basin Irrigation
Millets,Medium,260.4925929,Sandy,31.88950082,15.02323542,2.599680348,Surface Irrigation
Cotton,Medium,167.5797635,Clay,49.67091524,37.58059068,3.784078588,Manual Irrigation
Maize,Medium,175.5125534,Red,36.56806852,15.6154496,5.263167499,Drip Irrigation
Cotton,Medium,81.17851423,Black,17.96983818,20.23639424,4.782259224,Furrow Irrigation
Tobacco,Low,146.3439708,Sandy,11.79845766,25.40656952,2.173164491,Drip Irrigation
Sugarcane,Low,210.841295,Loamy,15.05425925,23.91428315,2.734220852,Basin Irrigation
Maize,Low,245.099944,Black,32.50220805,37.79314692,7.447626331,Sprinkler Irrigation
Wheat,Low,104.3022744,Saline,40.60641315,16.00722364,9.034595707,Sprinkler Irrigation
Millets,Medium,84.45572479,Clay,47.61676829,27.80536769,6.11381609,Surface Irrigation
Wheat,High,215.7605011,Clay,10.63292688,32.01198656,6.313528636,Furrow Irrigation
Paddy,Low,50.46997088,Loamy,30.91040566,38.29244934,4.040747463,Basin Irrigation
Maize,High,94.59314608,Sandy,28.83469425,30.5092813,8.143010909,Surface Irrigation
Wheat,Low,57.26784509,Black,36.24220088,35.0938809,8.014356699,Sprinkler Irrigation
Wheat,Low,91.72127946,Sandy,32.38315418,17.09312345,6.706925514,Furrow Irrigation
Oil Seeds,High,95.32981998,Clay,37.48156602,24.64848777,3.701314292,Drip Irrigation
Cotton,Medium,146.9183987,Sandy,36.32330339,24.34867836,2.776145746,Furrow Irrigation
Oil Seeds,Low,150.5817812,Clay,14.68046899,37.15720541,2.513908607,Furrow Irrigation
Maize,Low,268.5656177,Sandy,41.98871654,18.78427928,6.741568533,Surface Irrigation
Maize,Low,177.5274281,Loamy,14.92930303,18.79715431,8.600282553,Sprinkler Irrigation
Tobacco,High,230.8511914,Red,37.94122501,23.21395375,8.866643454,Drip Irrigation
Oil Seeds,Medium,76.03433948,Loamy,26.64581471,16.36165118,5.708976595,Sprinkler Irrigation
Barley,High,106.3596889,Loamy,30.55402938,19.56145102,8.274170394,Sprinkler Irrigation
Ground Nuts,High,225.7358602,Red,46.13192058,39.13024096,9.575041571,Drip Irrigation
Cotton,Medium,63.20099012,Red,45.59534906,25.7045985,4.2013609,Drip Irrigation
Maize,High,171.6494156,Black,42.71425223,30.80048021,5.183682771,Drip Irrigation
Tobacco,Medium,199.8422414,Black,30.40593522,33.15278148,9.451831941,Manual Irrigation
Oil Seeds,Low,200.536411,Loamy,39.44959241,24.17403518,4.705847739,Surface Irrigation
Cotton,Medium,55.73320282,Loamy,30.51588222,18.68067686,9.311010323,Drip Irrigation
Oil Seeds,Low,130.5270011,Clay,44.7842433,20.16452541,9.848358898,Sprinkler Irrigation
Wheat,High,209.1226628,Clay,26.11103333,22.83166191,7.294485829,Manual Irrigation
Tobacco,High,87.24993404,Black,48.80941378,30.90171051,8.535122316,Drip Irrigation
Cotton,Low,223.8539121,Saline,47.29291033,24.95701373,7.996364514,Sprinkler Irrigation
Pulses,High,236.4813022,Saline,39.66410478,15.17036745,7.596274061,Drip Irrigation
Paddy,Medium,295.4922976,Black,21.17663537,28.08517963,4.455448584,Surface Irrigation
Paddy,Low,102.4604987,Clay,15.26614355,38.0378348,2.456754703,Furrow Irrigation
Cotton,High,256.2826669,Clay,44.188138,35.30194028,4.74441386,Drip Irrigation
Oil Seeds,Low,180.0741442,Saline,16.61209145,35.63028428,7.335487882,Sprinkler Irrigation
Tobacco,Medium,143.365649,Sandy,44.17043156,34.87645044,2.820233586,Drip Irrigation
Ground Nuts,Medium,80.59418933,Sandy,29.63060027,23.09327064,2.095343864,Surface Irrigation
Paddy,High,233.8764016,Clay,26.26227135,34.12984584,3.117538981,Basin Irrigation
Tobacco,Medium,108.9643998,Sandy,46.12763115,18.57903395,7.725887411,Border Irrigation
Paddy,Low,142.8555005,Red,34.1540393,31.44290368,9.782349613,Sprinkler Irrigation
Wheat,Medium,65.63555672,Black,33.06456029,31.03921417,9.864517597,Sprinkler Irrigation
Oil Seeds,Low,250.341729,Black,32.35063778,15.63924498,5.951833193,Surface Irrigation
Wheat,Low,241.647131,Clay,24.84678064,34.69925334,8.954818408,Sprinkler Irrigation
Paddy,Medium,233.4039575,Loamy,41.42572414,37.58120263,7.894611646,Basin Irrigation
Pulses,High,124.8608776,Saline,20.11193776,21.68538196,6.008321896,Basin Irrigation
Pulses,Medium,93.37001857,Clay,47.5557984,35.3097681,6.582084264,Basin Irrigation
Wheat,Low,209.3883161,Sandy,45.7594082,17.0601493,3.097817173,Basin Irrigation
Pulses,Low,174.041596,Saline,23.49921303,29.99919646,9.501291685,Sprinkler Irrigation
Paddy,Medium,94.56311673,Loamy,39.17855079,27.14117163,4.815438166,Basin Irrigation
Cotton,High,221.4778178,Sandy,32.92892778,28.64808833,5.569194052,Surface Irrigation
Wheat,High,297.781608,Red,23.50597208,38.15513005,7.373281848,Surface Irrigation
Ground Nuts,Low,236.8048969,Sandy,49.54086592,36.78288118,4.671219772,Subsurface Irrigation
Ground Nuts,Low,234.9965967,Red,11.00949383,34.62709143,4.034073288,Subsurface Irrigation
Sugarcane,High,287.5781882,Saline,20.10584122,21.84246144,7.048395146,Surface Irrigation
Oil Seeds,Medium,100.7340919,Red,30.80296244,37.79546572,2.199872658,Subsurface Irrigation
Pulses,Low,191.3874912,Saline,30.87812014,17.43769231,7.765800896,Sprinkler Irrigation
Pulses,Low,294.9116788,Saline,33.557323,36.33323041,6.112186959,Surface Irrigation
Maize,High,91.32352774,Saline,40.06704688,23.20400181,6.846029844,Drip Irrigation
Barley,Medium,225.0629899,Saline,34.93911322,16.34430779,7.055041274,Furrow Irrigation
Wheat,High,196.4525365,Saline,34.01125842,31.73392461,6.216401252,Sprinkler Irrigation
Millets,Medium,196.619773,Sandy,12.14057852,20.78199821,6.66027022,Sprinkler Irrigation
Pulses,Medium,224.4176569,Saline,25.06121151,21.08927815,7.470305607,Border Irrigation
Oil Seeds,Medium,282.4042307,Sandy,19.28222959,22.65117916,8.024950777,Surface Irrigation
Sugarcane,Low,245.645485,Saline,20.61480446,16.59211919,7.81961913,Sprinkler Irrigation
Ground Nuts,High,64.03402585,Red,32.17349897,19.4281786,8.956931662,Border Irrigation
Pulses,High,263.182005,Saline,17.9802126,15.12849069,3.515547465,Surface Irrigation
Sugarcane,Medium,106.3853325,Loamy,21.75796404,26.13523803,5.209183756,Basin Irrigation
Paddy,Low,144.2285412,Saline,19.48338834,17.10638444,9.582368528,Sprinkler Irrigation
Paddy,Low,165.4332034,Saline,47.94011773,32.06631513,5.172724595,Basin Irrigation
Barley,High,170.2265002,Red,47.78662929,20.89057128,2.998960615,Drip Irrigation
Cotton,Low,158.7950998,Black,34.39766234,38.5893536,6.203561011,Furrow Irrigation
Millets,Low,284.3383236,Red,46.98089875,36.78129068,2.87592778,Surface Irrigation
Maize,Medium,226.5047519,Loamy,41.43250582,22.23602237,3.62282591,Drip Irrigation
Barley,Low,207.7926615,Black,33.59791531,34.58038637,9.986550053,Sprinkler Irrigation
Tobacco,Medium,62.46050695,Clay,10.25740846,35.08112262,6.330901107,Furrow Irrigation
Maize,High,275.9783326,Clay,40.90065144,39.66407785,4.272467112,Drip Irrigation
Wheat,Low,277.347548,Loamy,38.09953366,29.94599967,9.958199637,Surface Irrigation
Oil Seeds,High,245.0532659,Red,34.61014613,17.04914337,9.732471348,Manual Irrigation
Tobacco,High,51.75730095,Sandy,40.41697247,31.17093072,5.525912329,Drip Irrigation
Tobacco,Low,64.32006277,Loamy,30.51688659,30.62449371,4.08322487,Border Irrigation
Barley,Low,106.3059256,Black,38.16333085,30.95876444,8.707197105,Sprinkler Irrigation
Cotton,High,82.83735204,Black,47.40688347,22.6786412,7.724965736,Drip Irrigation
Barley,Low,149.7090074,Saline,25.03220063,36.49198963,7.49553148,Sprinkler Irrigation
Wheat,Medium,280.6557645,Clay,38.3248734,38.98680457,9.144909931,Surface Irrigation
Ground Nuts,Medium,168.0151085,Black,29.02751272,20.44281282,7.515337071,Basin Irrigation
Pulses,Low,53.35065661,Loamy,36.97598607,17.20380395,4.270383544,Subsurface Irrigation
Pulses,High,120.6864224,Black,40.51573342,19.86337583,7.550905295,Drip Irrigation
Cotton,Low,61.14872709,Loamy,11.81810002,35.51380348,4.44650809,Basin Irrigation
Wheat,Low,59.07190565,Sandy,35.86401776,31.91611587,8.073911837,Sprinkler Irrigation
Cotton,High,118.9299633,Saline,19.06964738,30.90118356,6.957982836,Subsurface Irrigation
Sugarcane,High,118.9030847,Clay,36.80130151,25.04482838,2.619292416,Drip Irrigation
Pulses,Medium,246.7816507,Black,28.73320744,29.44569929,6.102682899,Basin Irrigation
Tobacco,High,293.7086632,Loamy,40.94210967,22.69685313,4.746407754,Drip Irrigation
Millets,Medium,142.8017735,Red,14.93603261,26.93000199,4.628565062,Drip Irrigation
Oil Seeds,High,157.2217197,Clay,35.05289407,34.82657571,6.818050419,Drip Irrigation
Wheat,Low,261.1973591,Sandy,21.13882916,39.53103994,4.578598596,Surface Irrigation
Maize,Medium,117.034755,Loamy,44.11927981,38.31222309,8.215149986,Manual Irrigation
Cotton,Medium,89.0954511,Saline,47.13534023,38.34664857,2.566331488,Basin Irrigation
Oil Seeds,Medium,263.2724059,Saline,49.85593175,25.05559337,7.283106019,Surface Irrigation
Maize,Low,61.62514661,Sandy,41.8402961,26.71974701,8.473558429,Sprinkler Irrigation
Oil Seeds,Low,204.92486,Sandy,40.14936282,32.64088491,7.382653519,Sprinkler Irrigation
Millets,Low,190.4982119,Saline,18.62003035,38.0547982,5.97783356,Basin Irrigation
Maize,Low,136.4801119,Black,23.44028236,18.54985648,9.60245611,Sprinkler Irrigation
Barley,Low,128.7973803,Black,28.62730167,22.6060466,4.399507918,Surface Irrigation
Paddy,Medium,242.9644315,Loamy,40.93524191,18.48117111,2.1533431,Basin Irrigation
Barley,Low,71.60615269,Red,46.5986346,30.30021325,5.455914972,Manual Irrigation
Pulses,Medium,109.1960773,Loamy,17.565564,22.65752492,2.264095487,Basin Irrigation
Paddy,Low,233.112183,Red,46.89469939,23.15269631,9.63149402,Sprinkler Irrigation
Barley,High,187.0801459,Sandy,37.82498609,16.77289899,3.679344366,Drip Irrigation
Paddy,Medium,81.99705213,Clay,34.43082923,23.74490155,8.311416192,Basin Irrigation
Ground Nuts,High,270.5339036,Loamy,17.99365085,36.56241269,8.196576665,Surface Irrigation
Paddy,Medium,148.3619616,Loamy,12.22100131,20.8268203,3.741831197,Basin Irrigation
Tobacco,High,256.9670938,Red,32.73859594,32.37968666,6.969812244,Surface Irrigation
Cotton,Low,246.9282539,Sandy,36.06062733,30.74070862,2.384631748,Surface Irrigation
Cotton,Low,206.1063616,Sandy,18.43125797,36.58711521,5.868596686,Sprinkler Irrigation
Tobacco,Low,173.6202828,Red,32.25824823,18.30719869,2.117177018,Manual Irrigation
Oil Seeds,Medium,294.8877101,Sandy,44.25973611,39.43974901,9.369151041,Surface Irrigation
Sugarcane,High,86.24126809,Saline,43.40263782,29.56571615,9.808688194,Drip Irrigation
Oil Seeds,Low,231.2889319,Black,47.09420722,39.88685381,3.778262133,Furrow Irrigation
Maize,High,97.79767537,Saline,24.63543238,37.78786815,3.664848277,Manual Irrigation
Maize,High,134.5657763,Clay,22.7219829,20.5379318,8.029761412,Manual Irrigation
Paddy,Low,127.1746858,Loamy,39.97704024,16.40405025,4.027035191,Basin Irrigation
Barley,Low,286.7589969,Clay,27.2444962,21.39097734,9.160612473,Surface Irrigation
Barley,High,291.8390444,Loamy,13.50194656,28.18909122,6.591433089,Surface Irrigation
Cotton,Low,95.75386106,Black,21.31204523,19.28990918,4.806220984,Basin Irrigation
Wheat,Low,55.50879007,Sandy,26.74329142,19.18649361,8.661549971,Sprinkler Irrigation
Oil Seeds,Low,230.0020099,Saline,21.70065702,26.56483868,5.947253603,Sprinkler Irrigation
Ground Nuts,Medium,154.4974835,Red,23.28822284,15.83169928,9.29306331,Manual Irrigation
Pulses,High,72.21006127,Saline,21.75103625,18.04720206,9.424113894,Border Irrigation
Millets,High,220.9385264,Black,11.65996669,25.39653349,3.323361217,Furrow Irrigation
Barley,Medium,186.2763821,Clay,35.48378803,16.57824773,2.018587249,Border Irrigation
Millets,High,295.1292055,Red,33.89169681,24.91887641,9.871447521,Surface Irrigation
Paddy,Low,106.852374,Sandy,36.13533994,26.85015665,9.249100289,Sprinkler Irrigation
Millets,High,150.9944691,Black,17.69239584,26.28166535,2.443561886,Furrow Irrigation
Pulses,Low,185.6364508,Red,21.82618166,36.72937144,8.664274112,Sprinkler Irrigation
Tobacco,Medium,247.9249971,Black,34.78463708,28.25156138,5.66243946,Surface Irrigation
Pulses,Low,187.2096642,Black,33.98510274,26.69951156,4.07169284,Basin Irrigation
Millets,High,203.2250402,Sandy,30.25321237,25.26773113,9.029972189,Basin Irrigation
Pulses,High,106.5367629,Loamy,24.01653,35.44058446,3.573337859,Manual Irrigation
Sugarcane,High,261.729682,Red,46.51724019,37.3764151,9.578399995,Drip Irrigation
Paddy,Medium,157.1576367,Sandy,23.59080969,36.33106173,3.644971902,Basin Irrigation
Oil Seeds,Medium,85.23990688,Black,28.22476626,31.83866445,6.909465502,Drip Irrigation
Tobacco,High,216.0469786,Sandy,37.12455324,18.43404365,3.784690676,Drip Irrigation
Ground Nuts,Low,104.0226133,Loamy,31.72085723,21.92174924,6.36534932,Sprinkler Irrigation
Barley,Medium,74.39062756,Saline,23.87543905,16.15157659,7.471801039,Subsurface Irrigation
Maize,High,265.4967271,Red,27.42579162,38.27060187,3.521823447,Surface Irrigation
Oil Seeds,High,165.0405661,Loamy,41.77923271,31.51996324,6.167086262,Drip Irrigation
Maize,Medium,237.3209282,Clay,21.12516622,33.65907211,5.752477955,Subsurface Irrigation
Paddy,Medium,122.64689,Red,15.69020959,22.78929349,2.568299371,Basin Irrigation
Tobacco,Medium,246.7425337,Loamy,22.52652807,36.14133806,8.546462541,Drip Irrigation
Cotton,Low,77.98398176,Black,43.98136862,21.49008209,4.685459205,Surface Irrigation
Barley,Low,138.9933434,Red,13.55958859,15.04109393,6.59665758,Subsurface Irrigation
Sugarcane,High,294.5154545,Red,49.66784293,24.41037406,6.118273879,Drip Irrigation
Cotton,Medium,248.4974291,Sandy,31.64011596,29.26903702,6.106084037,Manual Irrigation
Paddy,Low,174.3139826,Black,49.39382976,26.96762145,2.857779154,Basin Irrigation
Oil Seeds,Medium,134.9443679,Clay,47.55985688,36.55190356,5.387856074,Subsurface Irrigation
Sugarcane,High,268.033925,Saline,28.11254857,17.63513215,5.618934074,Surface Irrigation
Pulses,Low,186.2119398,Loamy,17.93964298,28.84558602,7.869142723,Sprinkler Irrigation
Millets,Low,239.6062545,Sandy,16.59539106,27.82448375,8.720150655,Sprinkler Irrigation
Sugarcane,Low,238.5269201,Loamy,19.59957455,22.03482455,6.359858225,Basin Irrigation
Ground Nuts,High,54.48641964,Clay,38.40530562,35.55570281,2.694263633,Drip Irrigation
Paddy,Medium,81.5634457,Clay,20.91799979,33.8212164,3.894795765,Basin Irrigation
Wheat,Low,214.9073416,Red,23.65701078,33.32147968,3.319472215,Border Irrigation
Millets,High,90.40495282,Clay,27.95115216,36.90481196,2.996920506,Border Irrigation
Maize,Medium,113.8733362,Loamy,46.52930722,33.06961502,4.927194389,Furrow Irrigation
Barley,High,286.6594885,Black,17.57573672,20.79603229,3.835148017,Surface Irrigation
Maize,Medium,190.0455646,Black,10.2010621,32.63906779,3.746424894,Furrow Irrigation
Sugarcane,High,237.6823767,Red,12.40385642,22.69257033,2.437545397,Basin Irrigation
Maize,Medium,189.4951847,Saline,46.19065367,21.05436626,2.141360358,Sprinkler Irrigation
Ground Nuts,Low,188.1284037,Loamy,35.90065859,16.82508982,2.822145941,Surface Irrigation
Paddy,Medium,73.53797753,Loamy,20.92162477,33.60071451,3.377579835,Basin Irrigation
Pulses,High,135.9157982,Clay,17.08770004,32.77502405,5.447869831,Furrow Irrigation
Oil Seeds,High,120.6077247,Loamy,21.77066947,20.86248694,6.08416209,Basin Irrigation
Barley,Medium,147.6820914,Sandy,14.59187709,33.73447542,3.124735345,Sprinkler Irrigation
Ground Nuts,Low,249.5860471,Saline,47.66131641,37.94602208,5.398266732,Surface Irrigation
Ground Nuts,Low,142.983167,Clay,41.36824697,17.70072394,4.733990739,Subsurface Irrigation
Maize,Medium,162.9242048,Sandy,28.49564708,20.81591596,3.467389148,Furrow Irrigation
Maize,Medium,149.3453476,Red,44.5985042,33.75651985,2.054725985,Sprinkler Irrigation
Sugarcane,High,73.35199299,Black,19.97832817,21.86266684,5.736142932,Furrow Irrigation
Oil Seeds,Low,160.2680396,Red,38.68482274,30.61659936,7.485213994,Sprinkler Irrigation
Cotton,Medium,98.90231826,Black,44.24529996,17.02910561,3.810218673,Subsurface Irrigation
Maize,Low,96.68082394,Red,24.27074846,26.30506198,3.054454639,Surface Irrigation
Paddy,Medium,73.50902611,Loamy,40.29857782,33.47728555,9.096341956,Basin Irrigation
Wheat,Medium,139.1677435,Sandy,21.80289397,32.16284858,4.20019818,Sprinkler Irrigation
Barley,Low,239.3704712,Black,21.95428541,35.37680252,3.788900958,Basin Irrigation
Maize,Medium,119.1104226,Clay,14.28228714,36.93630317,8.856775517,Furrow Irrigation
Paddy,Medium,128.0872755,Sandy,27.60232186,34.32958753,8.536856793,Basin Irrigation
Paddy,High,210.6686644,Clay,39.18847626,31.78969357,5.586771764,Drip Irrigation
Barley,Medium,98.96020315,Sandy,47.60883222,15.7930623,5.913910891,Sprinkler Irrigation
Cotton,Medium,274.2394826,Sandy,34.15187968,28.37416684,3.741989639,Surface Irrigation
Paddy,Medium,180.0476308,Red,44.52542151,15.94244312,2.626413364,Basin Irrigation
Wheat,High,161.9007351,Black,42.89978597,35.20169543,6.587454603,Drip Irrigation
Paddy,Low,189.455048,Black,16.93372212,23.01811311,2.786759373,Furrow Irrigation
Paddy,High,91.50857835,Sandy,29.43269716,29.06073435,5.594196376,Basin Irrigation
Paddy,High,203.3682847,Loamy,14.67694142,21.98613268,9.523977588,Basin Irrigation
Pulses,Low,140.7751842,Loamy,37.28612646,34.56250361,9.622675113,Sprinkler Irrigation
Pulses,High,274.2965852,Clay,47.99598673,37.16256317,3.914658292,Drip Irrigation
Cotton,Low,92.21355167,Clay,15.48357832,24.96606236,6.99290736,Furrow Irrigation
Maize,High,176.762776,Red,39.35532523,36.57305984,5.792610113,Drip Irrigation
Paddy,Low,199.5281573,Sandy,35.28952603,21.67687519,9.005481021,Sprinkler Irrigation
Oil Seeds,Medium,58.34590045,Clay,33.34420148,28.36652308,4.171446914,Subsurface Irrigation
Maize,High,140.9232812,Clay,25.60480939,36.46903575,2.029619255,Manual Irrigation
Cotton,High,233.1588087,Saline,24.20526591,23.14703357,3.300489647,Manual Irrigation
Tobacco,High,255.0943769,Sandy,11.80996756,38.85105663,4.796182409,Surface Irrigation
Maize,High,128.2904987,Red,18.71634833,18.04698754,4.525769038,Sprinkler Irrigation
Maize,Medium,249.6483181,Clay,10.60707529,15.45687674,8.330903353,Furrow Irrigation
Millets,High,291.9389693,Red,33.25668422,37.60338381,7.444485329,Surface Irrigation
Sugarcane,Medium,264.218484,Black,14.23412944,16.71621665,4.396450557,Surface Irrigation
Millets,Medium,79.41099704,Red,44.92077576,39.7972299,5.661950537,Basin Irrigation
Wheat,Medium,234.932583,Loamy,30.92572083,38.78492155,2.764472832,Furrow Irrigation
Pulses,Medium,129.9167081,Loamy,37.98759636,18.42552275,9.185171559,Furrow Irrigation
Pulses,Low,297.1039974,Red,26.43428367,28.43961564,9.483398596,Surface Irrigation
Sugarcane,Low,171.3397458,Loamy,32.42319236,19.62300744,9.838428283,Sprinkler Irrigation
Barley,High,80.60847459,Black,47.70636708,25.70387933,8.948422646,Drip Irrigation
Barley,Low,231.296387,Sandy,13.30936158,16.53562823,3.391687102,Manual Irrigation
Cotton,Low,130.7527996,Loamy,20.15751088,20.59811469,2.369571866,Subsurface Irrigation
Ground Nuts,High,299.2695393,Loamy,41.19953308,24.08181991,6.636773819,Drip Irrigation
Sugarcane,High,294.9456145,Red,13.94948828,25.96618751,9.300840215,Surface Irrigation
Maize,High,214.0335045,Black,13.02644416,39.43740646,3.418810893,Furrow Irrigation
Barley,Low,82.45661224,Sandy,24.46165595,35.19664114,2.056343317,Surface Irrigation
Paddy,Low,221.7152494,Red,13.68671834,33.43524861,8.443968368,Sprinkler Irrigation
Ground Nuts,High,73.25762162,Red,33.40313769,28.42603287,2.614365474,Subsurface Irrigation
Oil Seeds,Medium,57.34103978,Saline,19.05101003,35.99994402,5.309648255,Furrow Irrigation
Maize,High,255.7396116,Black,45.82791853,23.48307089,7.431098698,Drip Irrigation
Wheat,Medium,102.4382369,Sandy,41.34000323,32.72247782,3.894380684,Drip Irrigation
Paddy,Medium,144.7567816,Black,37.98820824,39.84459938,2.671700508,Basin Irrigation
Paddy,High,293.3643475,Sandy,34.6777611,22.86572272,8.160169828,Surface Irrigation
Sugarcane,High,134.2101255,Black,44.53862921,31.85043837,7.041400679,Drip Irrigation
Ground Nuts,High,124.1224453,Red,18.92248246,36.1078716,9.907923876,Drip Irrigation
Cotton,Low,279.5519999,Red,44.92435371,37.89518958,4.754464267,Surface Irrigation
Wheat,Medium,77.68711133,Clay,41.57969194,32.94831727,2.49409909,Sprinkler Irrigation
Barley,Low,239.8956025,Loamy,39.92643306,22.09019809,7.874800283,Sprinkler Irrigation
Sugarcane,Low,297.0163917,Saline,32.45022712,23.15705379,6.173867351,Surface Irrigation
Barley,High,275.3240027,Black,19.84976644,15.5189508,3.705631451,Surface Irrigation
Sugarcane,Low,212.9169797,Saline,26.94191664,34.02214944,8.253831912,Sprinkler Irrigation
Sugarcane,High,128.5151987,Clay,41.74282618,16.06849015,3.630043887,Drip Irrigation
Sugarcane,Medium,113.5804953,Loamy,11.27113937,36.61630887,4.085293239,Basin Irrigation
Ground Nuts,High,254.8137762,Black,41.28203077,17.96651536,2.740228435,Drip Irrigation
Cotton,Low,269.9554785,Sandy,19.60282962,19.2969128,5.195458232,Surface Irrigation
Sugarcane,Low,181.3587281,Loamy,15.77236803,26.91316177,5.351433791,Basin Irrigation
Tobacco,High,111.0849852,Red,14.62805273,33.44701038,6.116494323,Basin Irrigation
Oil Seeds,High,78.2358021,Clay,11.09000048,18.47505513,7.671714137,Furrow Irrigation
Barley,Low,71.79486696,Loamy,30.94345941,26.00177688,9.248807429,Sprinkler Irrigation
Maize,Medium,229.7693618,Loamy,18.73039491,27.07128186,3.101872791,Manual Irrigation
Millets,Medium,155.029682,Red,49.57727063,20.30714104,2.434784787,Border Irrigation
Wheat,High,276.3399686,Black,32.97747023,17.88895942,2.148249869,Surface Irrigation
Pulses,Medium,234.9178252,Sandy,15.51541077,35.91052307,3.148971025,Border Irrigation
Cotton,Low,97.81510448,Red,37.55050163,27.56164124,7.263595886,Sprinkler Irrigation
Maize,High,203.4443547,Sandy,45.90974266,15.3595309,7.819816624,Drip Irrigation
Paddy,Low,158.8763636,Black,39.80717981,35.07453253,8.292045708,Sprinkler Irrigation
Tobacco,Low,194.3124327,Loamy,13.05759444,39.51984514,3.949665695,Border Irrigation
Pulses,Medium,234.5172808,Sandy,45.83536725,30.14815489,4.447158506,Sprinkler Irrigation
Millets,High,251.5489703,Clay,41.75717543,27.59270968,5.865077165,Drip Irrigation
Maize,High,260.9343316,Clay,16.332156,36.96039658,2.505464775,Surface Irrigation
Pulses,Medium,113.4937186,Red,12.07143555,38.81291974,6.889132186,Drip Irrigation
Maize,Low,57.77889998,Black,32.29242301,33.8634229,9.869880269,Sprinkler Irrigation
Tobacco,Low,234.8236838,Red,16.24143245,26.13632324,4.886450491,Furrow Irrigation
Millets,Low,76.58593156,Red,43.3836381,29.80553498,8.022779801,Sprinkler Irrigation
Paddy,Low,128.7298972,Saline,24.33338627,32.52338413,6.000271325,Basin Irrigation
Sugarcane,High,50.95428353,Red,46.51569779,19.85683928,3.022494755,Drip Irrigation
Barley,High,220.4173706,Saline,32.62752689,26.18002581,6.65789959,Sprinkler Irrigation
Paddy,Medium,91.78300287,Clay,17.30689537,35.74553162,4.398994148,Furrow Irrigation
Sugarcane,Medium,213.8206024,Clay,15.58395469,31.36813371,2.275225668,Furrow Irrigation
Ground Nuts,High,297.9356543,Red,33.0588975,25.28010168,7.079437841,Surface Irrigation
Ground Nuts,High,68.1677179,Clay,40.47534447,31.58406335,8.871458795,Drip Irrigation
Ground Nuts,Low,69.26950299,Black,41.26022591,17.9555603,4.758158135,Border Irrigation
Cotton,Low,135.0950232,Saline,21.03029618,25.03744026,5.122364378,Border Irrigation
Oil Seeds,Medium,266.5966286,Saline,18.16987036,34.82821345,9.128173464,Surface Irrigation
Wheat,High,103.8824672,Red,10.67025218,20.51271968,8.508870507,Manual Irrigation
Wheat,Medium,140.094455,Clay,37.16796605,19.64903769,7.719622588,Subsurface Irrigation
Ground Nuts,High,67.12635166,Sandy,13.06273034,38.7704665,3.99037651,Border Irrigation
Barley,Low,240.7888228,Saline,26.83044807,20.24744074,9.28173324,Sprinkler Irrigation
Millets,Medium,152.0765857,Red,34.06728656,21.52296449,3.23532606,Basin Irrigation
Tobacco,Medium,239.8121833,Red,47.4843578,39.24039847,7.014164155,Border Irrigation
Millets,High,275.9019611,Black,22.47208548,33.36771426,2.230409444,Surface Irrigation
Tobacco,Low,108.1907868,Loamy,19.9908865,32.48991333,7.149758451,Sprinkler Irrigation
Millets,Medium,251.8490076,Loamy,36.16640617,36.3231596,4.217154815,Surface Irrigation
Oil Seeds,Low,64.77347252,Saline,34.76956128,17.89557706,5.597415817,Subsurface Irrigation
Cotton,Medium,274.711847,Black,23.28439133,32.64890591,4.762116416,Surface Irrigation
Cotton,Low,212.6921369,Black,47.12407342,27.59221523,3.38205405,Border Irrigation
Ground Nuts,High,268.556681,Black,43.7944931,35.72876601,6.975846321,Drip Irrigation
Sugarcane,Medium,50.04709989,Saline,18.95930183,27.70354297,9.055804441,Basin Irrigation
Pulses,Medium,92.27026759,Loamy,19.56570182,30.50603386,9.672673938,Basin Irrigation
Cotton,Low,147.4398469,Black,30.49201388,26.94355316,3.538770905,Furrow Irrigation
Cotton,Low,144.8757258,Clay,40.94288407,26.95397309,7.738982193,Sprinkler Irrigation
Paddy,Medium,106.6825957,Red,11.76161518,34.19924945,7.314714933,Basin Irrigation
Paddy,High,145.402985,Red,37.73340615,30.71416002,4.747022317,Drip Irrigation
Sugarcane,Low,82.212178,Sandy,35.9294359,30.83158004,2.152793595,Basin Irrigation
Pulses,Low,153.1902823,Sandy,19.25920384,26.2570621,7.518329979,Sprinkler Irrigation
Barley,Low,250.5885823,Saline,37.25412053,28.27773741,9.563958884,Surface Irrigation
Paddy,Medium,169.7675158,Saline,47.60732765,33.64294166,7.056960975,Basin Irrigation
Barley,Medium,54.50002224,Red,11.8714338,35.64852298,5.482341794,Sprinkler Irrigation
Maize,Medium,155.3610104,Clay,22.78608221,32.41403505,6.201231153,Basin Irrigation
Paddy,Medium,56.79375402,Loamy,27.52706867,38.10182472,3.597030461,Basin Irrigation
Oil Seeds,High,291.5608527,Loamy,45.97041436,35.5081022,8.00435331,Drip Irrigation
Pulses,High,81.86348986,Saline,48.49045786,29.04659475,7.97135864,Drip Irrigation
Sugarcane,Medium,226.9220816,Clay,27.76460986,31.78515182,3.164138403,Basin Irrigation
Maize,High,293.1940807,Saline,40.00113649,38.15770692,9.02382706,Drip Irrigation
Pulses,Low,256.5097629,Loamy,31.26644095,30.47920111,4.153517916,Surface Irrigation
Ground Nuts,Low,224.8288438,Saline,31.51131739,35.6201737,9.858048487,Sprinkler Irrigation
Oil Seeds,Low,259.8652274,Black,21.1239806,32.22026259,5.063224112,Surface Irrigation
Pulses,Medium,295.4496733,Saline,18.67824983,28.79840903,3.42307247,Surface Irrigation
Oil Seeds,Low,205.3361243,Red,21.52021384,21.04595489,4.813760891,Subsurface Irrigation
Oil Seeds,High,189.7962017,Saline,32.25312029,25.64993799,5.52144263,Sprinkler Irrigation
Barley,Medium,207.0595276,Red,11.16620744,39.19357062,2.554462184,Sprinkler Irrigation
Millets,High,183.1689717,Clay,46.28995777,31.44413458,6.62574705,Drip Irrigation
Ground Nuts,Low,208.7722765,Loamy,16.25134838,29.10988451,6.781059519,Subsurface Irrigation
Maize,Low,162.460552,Sandy,18.80354707,38.32391564,7.911443643,Sprinkler Irrigation
Pulses,Low,104.6107957,Sandy,30.73104706,29.66279453,2.233359138,Manual Irrigation
Tobacco,Medium,80.06180663,Loamy,38.40459065,28.15206296,6.329905715,Drip Irrigation
Maize,High,67.08523388,Sandy,13.82916219,33.98277138,2.423259466,Border Irrigation
Millets,Medium,115.8289459,Saline,22.7077879,32.81664047,7.60915376,Basin Irrigation
Maize,Medium,61.53089108,Clay,48.74698422,19.82900021,2.445823886,Subsurface Irrigation
Cotton,Low,191.792695,Clay,20.49371867,26.78270686,9.293822787,Sprinkler Irrigation
Tobacco,Medium,120.9571118,Loamy,22.5220058,26.81288607,7.616660535,Furrow Irrigation
Millets,Medium,256.133702,Sandy,43.45993962,24.45561288,6.059118121,Surface Irrigation
Barley,Low,68.56021825,Saline,12.00857727,27.93233705,5.532031386,Surface Irrigation
Pulses,Medium,106.5878736,Clay,28.58452675,25.32768494,3.045381043,Subsurface Irrigation
Wheat,Low,232.5615368,Clay,25.18467058,19.98363724,4.327995117,Border Irrigation
Millets,Low,199.7020741,Black,22.6634704,25.30916218,8.95167284,Sprinkler Irrigation
Sugarcane,Low,66.12281781,Black,21.42798376,16.80692369,9.235622492,Sprinkler Irrigation
Pulses,Low,269.3098643,Clay,13.65496419,29.39464657,2.005981667,Surface Irrigation
Ground Nuts,Medium,269.3154407,Loamy,22.59303317,36.34136372,6.753091132,Surface Irrigation
Millets,Low,132.602001,Red,11.72209611,33.13217711,7.754404872,Sprinkler Irrigation
Cotton,Low,135.1014608,Red,41.23855455,24.009851,6.94997586,Border Irrigation
Wheat,Medium,297.2570896,Saline,25.92911176,17.17678014,2.653438119,Surface Irrigation
Cotton,Medium,206.5440429,Clay,27.75615329,20.05373498,3.74179919,Sprinkler Irrigation
Wheat,High,182.8291301,Clay,45.74378346,28.63725851,4.002722139,Drip Irrigation
Ground Nuts,Medium,259.5380459,Clay,36.32219935,20.17642708,8.65379705,Surface Irrigation
Sugarcane,Medium,121.3225846,Loamy,10.32236413,28.59932778,5.70559549,Basin Irrigation
Pulses,High,157.2956483,Black,47.72699292,20.78997562,5.894625696,Drip Irrigation
Barley,Medium,116.9441689,Clay,19.48577864,36.22309674,9.479144372,Furrow Irrigation
Cotton,Medium,247.2902116,Clay,14.30456739,24.93178682,7.096687111,Furrow Irrigation
Cotton,Medium,193.3373364,Sandy,40.72512714,21.13876565,9.189341612,Sprinkler Irrigation
Oil Seeds,Medium,214.7062675,Loamy,30.01909263,35.30815451,5.652070843,Subsurface Irrigation
Wheat,High,113.0768125,Saline,27.35082264,23.57097412,3.195490068,Surface Irrigation
Paddy,Medium,105.0563253,Clay,19.98012319,17.7871922,9.439484753,Furrow Irrigation
Pulses,Medium,172.0936572,Sandy,31.89885959,29.26023729,5.669640925,Manual Irrigation
Wheat,High,234.3914373,Red,20.97538421,29.53910511,3.453051375,Subsurface Irrigation
Oil Seeds,Low,181.3099394,Saline,46.06332021,32.86739188,4.419165922,Surface Irrigation
Maize,High,58.16141939,Clay,18.60817919,21.00548583,2.406420718,Furrow Irrigation
Wheat,Low,267.1378766,Clay,45.37420602,26.09428348,5.746404732,Surface Irrigation
Barley,High,66.17172338,Sandy,32.37621703,22.05919798,8.825025375,Manual Irrigation
Pulses,High,288.9561209,Loamy,43.13952536,17.0238434,9.468643648,Drip Irrigation
Oil Seeds,Medium,56.28548957,Clay,38.51383983,36.91534568,9.46081766,Surface Irrigation
Maize,Low,223.612614,Red,37.86780446,33.22174511,3.001840205,Border Irrigation
Tobacco,Medium,70.55176593,Clay,22.97383231,22.53657649,5.05643106,Border Irrigation
Oil Seeds,Low,277.6691449,Red,19.35587726,29.98432482,2.225830077,Surface Irrigation
Tobacco,High,166.1083091,Saline,18.43544911,20.0315947,8.84132276,Border Irrigation
Pulses,High,84.3809437,Saline,44.28766628,37.25591554,4.870046096,Drip Irrigation
Cotton,Low,135.2039249,Black,42.81707281,17.87265858,7.048936223,Sprinkler Irrigation
Oil Seeds,Medium,91.20616884,Black,27.62294112,15.09592864,7.719187505,Furrow Irrigation
Sugarcane,Medium,92.64547789,Red,15.29618454,27.55020494,5.438757358,Basin Irrigation
Tobacco,Medium,287.02708,Loamy,25.29009008,29.57819559,4.451538692,Surface Irrigation
Barley,Medium,161.3115281,Clay,34.77373817,29.47413301,9.697703281,Border Irrigation
Sugarcane,High,247.200566,Clay,28.17612618,16.36279819,9.7159058,Basin Irrigation
Millets,High,209.9013903,Black,41.20757074,22.85109517,4.315490944,Drip Irrigation
Millets,High,219.1065906,Red,49.90491289,27.47997367,5.837000774,Drip Irrigation
Maize,High,82.92335962,Clay,17.64528354,20.41447964,9.782753269,Furrow Irrigation
Cotton,High,108.5461117,Clay,28.38603279,36.81564714,2.038947261,Basin Irrigation
Pulses,Medium,246.6875838,Loamy,27.23935608,17.17773224,5.301425987,Sprinkler Irrigation
Oil Seeds,Medium,292.6915516,Sandy,22.17970131,27.18461104,2.803660397,Surface Irrigation
Paddy,Medium,115.6689106,Black,17.92382067,32.28540144,6.073263725,Furrow Irrigation
Barley,Medium,117.8921912,Black,12.62768466,21.5437775,2.197359636,Furrow Irrigation
Tobacco,High,168.2242832,Sandy,45.48477269,30.60601842,5.255187451,Drip Irrigation
Pulses,High,295.9600782,Clay,26.79394791,35.73462875,3.765592598,Surface Irrigation
Sugarcane,High,117.2397365,Loamy,29.87582074,19.75842438,6.2664669,Basin Irrigation
Ground Nuts,Low,151.7429774,Loamy,46.67768193,37.9305148,9.967949193,Sprinkler Irrigation
Millets,Medium,272.8700039,Black,41.0516191,28.83896332,8.404288841,Surface Irrigation
Ground Nuts,Medium,50.73025816,Loamy,15.22005056,22.48080011,8.765136733,Sprinkler Irrigation
Barley,High,59.94149125,Saline,32.6167987,25.77145688,7.082119899,Surface Irrigation
Paddy,Medium,201.0179193,Sandy,27.69009106,22.80479709,2.332478786,Basin Irrigation
Oil Seeds,Medium,276.8450412,Clay,41.8884429,33.127779,3.654381408,Surface Irrigation
Maize,High,109.7141651,Saline,38.9693019,34.90751659,9.400516452,Drip Irrigation
Paddy,Low,167.4104437,Sandy,37.61622888,35.82343481,4.928904943,Basin Irrigation
Barley,Low,162.6163254,Red,23.62179342,39.64420624,2.829093812,Sprinkler Irrigation
Paddy,Low,168.2428365,Black,42.19854922,34.78210731,7.619242927,Sprinkler Irrigation
Barley,High,205.6299239,Loamy,12.09565182,30.03460177,4.395661791,Drip Irrigation
Barley,Medium,167.4359407,Red,16.38499606,23.48050746,4.150855303,Manual Irrigation
Wheat,High,161.8670353,Loamy,23.42493092,28.61488622,9.983819644,Surface Irrigation
Tobacco,High,168.5721051,Saline,13.07229764,16.02670432,8.8651114,Sprinkler Irrigation
Ground Nuts,Medium,197.7168603,Clay,19.3997711,33.62062689,5.263502547,Furrow Irrigation
Millets,Low,184.2518721,Clay,43.20603932,26.14888863,9.842089663,Sprinkler Irrigation
Wheat,Low,263.5339994,Clay,47.93006151,15.50058074,7.200905787,Surface Irrigation
Oil Seeds,High,62.37421337,Loamy,22.18409423,16.56267354,7.936179615,Drip Irrigation
Wheat,Low,258.3292679,Red,20.58063216,24.6866616,2.252104345,Surface Irrigation
Cotton,High,260.9811532,Clay,21.19570609,29.58553798,2.972842075,Surface Irrigation
Cotton,High,121.2270054,Red,21.10876349,26.60509872,7.064681012,Manual Irrigation
Millets,Medium,165.7129888,Loamy,11.43720729,30.48010793,9.192191861,Furrow Irrigation
Paddy,Medium,159.6346221,Saline,47.07665385,27.00735647,6.989949809,Basin Irrigation
Tobacco,Medium,104.6274586,Red,18.54792566,31.54259614,3.072199155,Sprinkler Irrigation
Millets,High,149.1992118,Saline,26.80016296,20.47815162,2.92608037,Drip Irrigation
Barley,Medium,61.09694304,Loamy,10.38747531,17.82107968,8.753487167,Subsurface Irrigation
Sugarcane,Low,119.4555182,Loamy,44.31820364,29.91084887,3.11441871,Basin Irrigation
Tobacco,Low,254.1705439,Black,39.24629378,27.11723792,6.161855684,Surface Irrigation
Ground Nuts,High,121.1405754,Loamy,47.87024141,15.67169135,2.29690656,Drip Irrigation
Tobacco,High,254.5516672,Loamy,41.26461917,24.51204714,2.645358139,Drip Irrigation
Barley,Medium,182.8998662,Sandy,22.54826048,17.65313964,7.378786141,Basin Irrigation
Barley,High,269.9656693,Clay,19.91493435,28.28392079,7.513451283,Surface Irrigation
Maize,High,193.6948886,Black,37.9086523,24.89444199,4.731755253,Drip Irrigation
Millets,Low,57.41705577,Black,24.564511,30.32879778,3.724878122,Subsurface Irrigation
Barley,Low,218.8550519,Black,32.64860063,35.14005547,8.509682166,Sprinkler Irrigation
Cotton,Medium,61.21339201,Sandy,10.25029884,22.4917171,3.736825836,Drip Irrigation
Oil Seeds,High,162.6492547,Saline,12.47542807,39.0525526,6.336216557,Surface Irrigation
Sugarcane,High,282.3566736,Loamy,31.41471765,28.39086251,9.745670727,Surface Irrigation
Ground Nuts,Low,91.30098483,Clay,32.64286586,30.45726997,3.182819503,Border Irrigation
Millets,High,147.4680882,Red,40.05811778,32.01680933,9.52701014,Drip Irrigation
Pulses,Low,232.4650772,Saline,15.27861278,31.66828825,3.463144425,Border Irrigation
Cotton,Medium,270.564639,Loamy,30.52732335,27.77426858,6.539545664,Surface Irrigation
Paddy,Low,217.7357512,Sandy,17.77790578,25.71910728,5.016061696,Basin Irrigation
Barley,High,114.5433135,Loamy,13.72784478,16.3445491,9.719428812,Border Irrigation
Pulses,Medium,218.6519632,Loamy,26.41983176,15.55214613,4.188336232,Manual Irrigation
Barley,Low,124.1819103,Sandy,16.53346592,23.94902986,5.197264017,Surface Irrigation
Tobacco,Low,229.6073075,Black,18.87127913,23.34152227,9.862880943,Sprinkler Irrigation
Cotton,Medium,288.5082819,Black,22.70218319,24.69237887,6.29176313,Surface Irrigation
Tobacco,Medium,230.3483628,Clay,20.37553603,18.45920502,6.021040925,Manual Irrigation
Maize,Low,265.7201257,Clay,13.5036519,33.45420676,4.062227906,Surface Irrigation
Tobacco,High,50.52596079,Black,13.59664979,36.42411037,7.610908482,Furrow Irrigation
Maize,Low,229.3930312,Saline,17.72997661,38.46786588,2.114983614,Sprinkler Irrigation
Maize,Medium,257.3968892,Red,12.02236752,27.30905759,2.396101038,Surface Irrigation
Pulses,Low,60.13968439,Loamy,35.05828079,32.52164248,6.794868697,Border Irrigation
Barley,Medium,267.8994318,Red,21.49306866,36.38877809,4.733396591,Surface Irrigation
Paddy,Medium,114.1735571,Loamy,21.18983871,25.45727778,9.626530978,Basin Irrigation
Ground Nuts,High,216.3230255,Black,23.27993177,22.73531987,9.225525526,Subsurface Irrigation
Tobacco,Medium,250.0887198,Clay,36.51185097,38.4181139,7.709650069,Surface Irrigation
Ground Nuts,Medium,215.6661283,Saline,44.82535526,27.89191378,8.545164649,Surface Irrigation
Cotton,High,73.07119802,Clay,40.3634773,27.43134716,7.338654797,Drip Irrigation
Maize,Medium,199.0803797,Red,39.10116921,19.46040241,3.004656822,Surface Irrigation
Barley,High,187.3959142,Clay,29.37564742,17.70387536,8.124346958,Border Irrigation
Sugarcane,High,275.080317,Black,37.75222228,36.05267156,3.68153575,Drip Irrigation
Millets,Medium,151.0599324,Saline,32.11049472,30.3533294,4.587542841,Subsurface Irrigation
Pulses,Medium,130.2702743,Red,18.65002113,23.1456146,8.553873697,Furrow Irrigation
Paddy,Low,237.4626911,Saline,18.34353471,19.79340543,6.292204867,Basin Irrigation
Wheat,High,153.1688315,Loamy,21.85568028,28.887432,8.879525713,Surface Irrigation
Pulses,Low,211.5240438,Clay,46.43210684,29.59798223,3.704282559,Border Irrigation
Sugarcane,Medium,211.6125225,Saline,31.89659362,20.17484003,6.862227509,Basin Irrigation
Millets,Low,272.0097661,Sandy,39.35621508,36.2851437,2.67032778,Surface Irrigation
Sugarcane,High,199.6731006,Clay,23.86235039,17.10660915,7.144487948,Basin Irrigation
Tobacco,Low,175.5384025,Loamy,26.30863083,23.90232713,8.100272302,Sprinkler Irrigation
Maize,High,84.7178316,Saline,15.02262315,32.00961034,6.679447152,Basin Irrigation
Paddy,Medium,78.93440167,Red,16.85179831,21.8530091,4.129852012,Basin Irrigation
Oil Seeds,Medium,88.58039132,Loamy,43.09426219,35.69187987,2.250741351,Drip Irrigation
Maize,High,92.96212033,Sandy,33.39354527,33.49669567,2.955591072,Manual Irrigation
Oil Seeds,Medium,209.4692732,Saline,23.50129864,34.72557111,6.978423833,Sprinkler Irrigation
Ground Nuts,Medium,235.2453126,Black,42.11404836,17.9776634,9.475361735,Surface Irrigation
Millets,Medium,182.4978807,Clay,19.86079623,18.5136782,3.652275232,Furrow Irrigation
Barley,Medium,257.2544331,Red,49.04130794,22.16184344,7.880209193,Surface Irrigation
Wheat,High,297.8158067,Black,23.79270431,27.95192913,8.931608506,Surface Irrigation
Cotton,Low,255.0031573,Saline,23.49243817,33.70040192,6.167057428,Surface Irrigation
Maize,Low,223.7205934,Saline,22.47647622,35.91327227,7.354126367,Sprinkler Irrigation
Paddy,Medium,183.1231749,Loamy,14.88446064,32.6083829,8.520122533,Basin Irrigation
Sugarcane,Low,162.2132679,Saline,14.44548589,38.21492204,4.085401262,Basin Irrigation
Paddy,Low,71.09809514,Red,35.92420138,33.46858774,4.375165394,Basin Irrigation
Millets,Medium,149.8421871,Black,45.00472178,22.65669718,2.005020133,Basin Irrigation
Ground Nuts,Medium,277.5336592,Red,41.62082041,21.62703211,9.704753047,Surface Irrigation
Oil Seeds,Low,252.0056575,Sandy,15.64430376,32.40481126,9.340359157,Surface Irrigation
Sugarcane,High,104.0128413,Sandy,31.82328487,19.82176422,8.11654611,Basin Irrigation
Cotton,Medium,166.6519462,Clay,14.22366184,17.31787027,2.632608168,Furrow Irrigation
Cotton,High,254.1808006,Clay,11.81178574,28.30557187,5.580023118,Surface Irrigation
Maize,Low,66.8461387,Sandy,36.25543438,35.54103924,2.815134032,Basin Irrigation
Millets,Medium,146.8481464,Saline,31.40609335,17.53449606,2.127362138,Surface Irrigation
Barley,High,262.9603092,Red,13.28094741,34.79728309,6.929463722,Surface Irrigation
Millets,Medium,150.974466,Sandy,11.39756986,35.28930011,9.686635337,Furrow Irrigation
Ground Nuts,Low,69.40366118,Clay,49.59025654,27.05685,9.222944187,Sprinkler Irrigation
Oil Seeds,High,185.6335921,Sandy,11.20085329,16.43275775,7.574038519,Drip Irrigation
Paddy,Low,265.4356237,Saline,27.78113012,19.36474628,2.773124673,Surface Irrigation
Cotton,Low,197.5713857,Sandy,30.18476098,32.68565688,4.193312301,Sprinkler Irrigation
Paddy,Medium,106.5697771,Red,14.69120591,32.79444862,4.560453815,Basin Irrigation
Paddy,High,146.059905,Black,16.76247114,37.45888188,8.105200462,Furrow Irrigation
Paddy,Low,162.5308403,Saline,24.07220026,29.56715366,8.417993434,Sprinkler Irrigation
Cotton,Low,194.8165885,Clay,40.46703505,18.10268419,5.080848984,Surface Irrigation
Ground Nuts,High,239.8377564,Red,30.28329696,18.03537264,5.343071973,Manual Irrigation
Pulses,Low,74.71840441,Sandy,35.51607498,33.02830893,2.356072314,Sprinkler Irrigation
Tobacco,Low,272.4130083,Sandy,49.4069822,19.59461663,4.313093747,Surface Irrigation
Oil Seeds,High,53.07742575,Black,40.72021741,23.20963749,5.610281417,Drip Irrigation
Pulses,High,142.5130837,Clay,27.37445993,27.18030017,2.935864371,Subsurface Irrigation
Oil Seeds,High,56.85507749,Clay,27.85767687,15.61912194,5.626139686,Basin Irrigation
Sugarcane,High,148.2435563,Loamy,34.75088308,21.22047568,8.825406498,Basin Irrigation
Millets,Medium,181.4531497,Clay,36.61460834,25.19724021,6.650568158,Basin Irrigation
Millets,High,177.9203466,Black,30.02843703,21.99090796,2.63143884,Surface Irrigation
